,Unnamed: 0,CVE,Domain,Is Duplicate,URL,Which systems are vulnerable?,Which software versions are vulnerable?,In what context is the system vulnerable?,Does it say what an attacker can do if they can exploit?,CVSS Score or Score category,CVSS Source,Does it say if this is actively being exploited?,Does it say if exploit is public?,Does it say if this is exploitable remotely?,Are there step-by-step mitigation instructions?,Does it say if there is a patch available?,Are non-patch mitigations included?,Does it include feedback from others on issues with the patch?,info from NVD Source,Am I affected?,What could go wrong?,What can i do about it?,What could go wrong if I patch/mitigate?,Are all questions answered?,At least one question answered?
0,0,2022-38473,mozilla.org,,https://www.mozilla.org/en-US/security/advisories/mfsa2022-33/,OS or Product Mentioned,Present,Present,Present,Present,Present,Absent,Absent,Inferred,Absent,Present,Absent,Absent,Present,Yes,No,No,No,No,Yes
1,1,2022-38473,access.redhat.com,,https://access.redhat.com/errata/RHSA-2022:6175,OS or Product Mentioned,Present,Present,Present,Absent,Absent,Absent,Absent,Inferred,Absent,Present,Absent,Absent,Absent,Yes,No,No,No,No,No
2,2,2022-38473,mozilla.org,,https://www.mozilla.org/en-US/security/advisories/mfsa2022-35/,OS or Product Mentioned,Present,Present,Present,Present,Present,Absent,Absent,Inferred,Absent,Present,Absent,Absent,Absent,Yes,No,No,No,No,No
3,3,2022-38473,suse.com,,https://www.suse.com/support/update/announcement/2022/suse-su-20223396-1/,OS or Product Mentioned,Present,Present,Present,Absent,Absent,Absent,Absent,Inferred,Present,Present,Absent,Absent,Absent,Yes,No,No,No,No,No
4,4,2022-38473,oracle.com,,https://www.oracle.com/security-alerts/bulletinoct2022.html,OS or Product Mentioned,Present,Absent,Absent,Absent,Absent,Absent,Absent,Absent,Absent,Present,Absent,Absent,Absent,No,No,No,No,No,No
5,5,2022-38473,suse.com,,https://www.suse.com/support/update/announcement/2022/suse-su-20223272-1/,OS or Product Mentioned,Present,Present,Present,Absent,Absent,Absent,Absent,Inferred,Present,Present,Absent,Absent,Absent,Yes,No,No,No,No,No
6,6,2022-38473,debian.org,,https://www.debian.org/security/2022/dsa-5217,OS or Product Mentioned,Present,Absent,Present,Absent,Absent,Absent,Absent,Inferred,Absent,Present,Absent,Absent,Absent,No,No,No,No,No,No
7,7,2022-38473,linux.oracle.com,,https://linux.oracle.com/errata/ELSA-2022-6164.html,OS or Product Mentioned,Present,Absent,Absent,Absent,Absent,Absent,Absent,Absent,Absent,Present,Absent,Absent,Absent,No,No,No,No,No,No
8,8,2022-38473,debian.org,,https://www.debian.org/security/2022/dsa-5221,OS or Product Mentioned,Present,Absent,Present,Absent,Absent,Absent,Absent,Inferred,Absent,Present,Absent,Absent,Absent,No,No,No,No,No,No
9,9,2022-38473,linux.oracle.com,,https://linux.oracle.com/errata/ELSA-2022-6179.html,OS or Product Mentioned,Present,Absent,Absent,Absent,Absent,Absent,Absent,Absent,Absent,Present,Absent,Absent,Absent,No,No,No,No,No,No
10,10,2022-38473,reddit.com,,https://www.reddit.com/r/k12cybersecurity/comments/wwqwiq/msisac_cybersecurity_advisory_multiple/,OS or Product Mentioned,Present,Present,Present,Absent,Absent,Present,Absent,Inferred,Absent,Present,Both,Absent,Absent,Yes,No,No,No,No,No
11,11,2022-38473,cve.mitre.org,,https://cve.mitre.org/cgi-bin/cvename.cgi?name=CVE-2022-38473,OS or Product Mentioned,Present,Present,Present,Absent,Absent,Absent,Absent,Inferred,Absent,Absent,Absent,Absent,Present,Yes,No,No,No,No,No
12,12,2022-38473,nvd.nist.gov,,https://nvd.nist.gov/vuln/detail/CVE-2022-38473,OS or Product Mentioned,Present,Present,Present,Present,Present,Absent,Absent,Inferred,Absent,Absent,Absent,Absent,Present,Yes,No,No,No,No,No
13,13,2022-38473,access.redhat.com,,https://access.redhat.com/errata/RHSA-2022:6179,OS or Product Mentioned,Present,Present,Present,Absent,Absent,Absent,Absent,Inferred,Absent,Present,Absent,Absent,Absent,Yes,No,No,No,No,No
14,14,2022-27660,cve.mitre.org,,https://cve.mitre.org/cgi-bin/cvename.cgi?name=2022-27660,OS or Product Mentioned,Present,Present,Present,Absent,Absent,Absent,Absent,Inferred,Absent,Absent,Absent,Absent,Present,Yes,No,No,No,No,No
15,15,2022-27660,github.com,,https://github.com/advisories/GHSA-m39f-j76w-r8g6,OS or Product Mentioned,Absent,Present,Present,Present,Present,Absent,Absent,Inferred,Absent,Absent,Absent,Absent,Present,No,No,No,No,No,No
16,16,2022-27660,cisa.gov,,https://www.cisa.gov/news-events/bulletins/sb22-220,OS or Product Mentioned,Present,Present,Present,Present,Present,Absent,Absent,Inferred,Absent,Absent,Absent,Absent,Present,Yes,No,No,No,No,No
17,17,2022-27660,nvd.nist.gov,,https://nvd.nist.gov/vuln/detail/CVE-2022-27660,OS or Product Mentioned,Present,Present,Present,Present,Present,Absent,Absent,Inferred,Absent,Absent,Absent,Absent,Present,Yes,No,No,No,No,No
18,18,2022-27660,nvd.nist.gov,,https://nvd.nist.gov/vuln/search/results?form_type=Advanced&results_type=overview&search_type=all&isCpeNameSearch=false&cpe_vendor=cpe%3A%2F%3Atcl,OS or Product Mentioned,Present,Present,Present,Present,Present,Absent,Absent,Inferred,Absent,Absent,Absent,Absent,Present,Yes,No,No,No,No,No
19,19,2022-27660,cisa.gov,,https://www.cisa.gov/news-events/bulletins/sb22-227,OS or Product Mentioned,Present,Present,Present,Present,Present,Absent,Absent,Inferred,Absent,Absent,Absent,Absent,Present,Yes,No,No,No,No,No
20,20,2022-20899,nvd.nist.gov,,https://nvd.nist.gov/vuln/detail/CVE-2022-20899,OS or Product Mentioned,Present,Present,Present,Present,Present,Absent,Absent,Present,Absent,Present,Absent,Absent,Present,Yes,No,No,No,No,No
21,21,2022-20899,cisa.gov,,https://www.cisa.gov/news-events/bulletins/sb22-206,OS or Product Mentioned,Present,Present,Present,Present,Present,Absent,Absent,Present,Absent,Present,Absent,Absent,Present,Yes,No,No,No,No,No
22,22,2022-20899,cisa.gov,,https://www.cisa.gov/news-events/bulletins/sb22-213,OS or Product Mentioned,Present,Present,Present,Present,Present,Absent,Absent,Present,Absent,Present,Absent,Absent,Present,Yes,No,No,No,No,No
23,23,2022-20899,cve.mitre.org,,https://cve.mitre.org/cgi-bin/cvename.cgi?name=CVE-2022-20899,OS or Product Mentioned,Present,Present,Present,Absent,Absent,Absent,Absent,Present,Absent,Present,Absent,Absent,Present,Yes,No,No,No,No,No
24,24,2022-20906,cve.mitre.org,,https://cve.mitre.org/cgi-bin/cvename.cgi?name=CVE-2022-20906,OS or Product Mentioned,Absent,Present,Present,Absent,Absent,Absent,Absent,Present,Absent,Absent,Absent,Absent,Present,No,No,No,No,No,No
25,25,2022-20906,cve.mitre.org,,https://cve.mitre.org/data/refs/refmap/source-CISCO.html,OS or Product Mentioned,Absent,Absent,Inferred,Absent,Absent,Absent,Absent,Absent,Absent,Absent,Absent,Absent,Absent,No,No,No,No,No,No
26,26,2022-20906,cisco.com,,https://www.cisco.com/c/en/us/support/docs/csa/cisco-sa-ndb-mprvesc-EMhDgXe5.html,OS or Product Mentioned,Present,Present,Present,Present,Present,Present,Absent,Present,Absent,Present,Absent,Absent,Present,Yes,No,No,No,No,No
27,27,2022-20906,vmiss.net,,https://vmiss.net/july-20-2022-cisco-cves/,OS or Product Mentioned,Present,Absent,Present,Absent,Absent,Absent,Absent,Present,Absent,Present,Absent,Absent,Absent,No,No,No,No,No,No
28,28,2022-20906,cve.report,,https://cve.report/software/cisco/nexus_dashboard,OS or Product Mentioned,Absent,Present,Present,Present,Absent,Absent,Absent,Present,Absent,Absent,Absent,Absent,Present,No,No,No,No,No,No
29,29,2022-20906,govcert.gov.hk,,https://www.govcert.gov.hk/en/alerts_detail.php?id=838,OS or Product Mentioned,Absent,Absent,Inferred,Absent,Absent,Absent,Absent,Absent,Absent,Present,Absent,Absent,Absent,No,No,No,No,No,No
30,30,2022-20906,nvd.nist.gov,,https://nvd.nist.gov/vuln/detail/CVE-2022-20906,OS or Product Mentioned,Present,Present,Present,Present,Present,Absent,Absent,Present,Absent,Absent,Absent,Absent,Present,Yes,No,No,No,No,No
31,31,2022-20906,nvd.nist.gov,,https://nvd.nist.gov/vuln/cvmap/report/6888,Company Or Manufacturer Only,Absent,Absent,Absent,Absent,Absent,Absent,Absent,Absent,Absent,Absent,Absent,Absent,Absent,No,No,No,No,No,No
32,32,2022-20906,nvd.nist.gov,,https://nvd.nist.gov/vuln/cvmap/report/7216,Company Or Manufacturer Only,Absent,Absent,Absent,Absent,Absent,Absent,Absent,Absent,Absent,Absent,Absent,Absent,Absent,No,No,No,No,No,No
33,33,2022-20906,nvd.nist.gov,,https://nvd.nist.gov/vuln/cvmap/report/7488,Company Or Manufacturer Only,Absent,Absent,Absent,Absent,Absent,Absent,Absent,Absent,Absent,Absent,Absent,Absent,Absent,No,No,No,No,No,No
34,34,2022-2822,cve.mitre.org,,https://cve.mitre.org/cgi-bin/cvename.cgi?name=CVE-2022-2822,Absent,Absent,Present,Present,Absent,Absent,Absent,Absent,Absent,Absent,Absent,Absent,Absent,Present,No,No,No,No,No,No
35,35,2022-2822,nvd.nist.gov,,https://nvd.nist.gov/vuln/detail/CVE-2022-2822,OS or Product Mentioned,Present,Present,Present,Present,Present,Absent,Absent,Absent,Absent,Present,Absent,Absent,Present,Yes,No,No,No,No,No
36,36,2022-2822,cvedetails.com,,https://www.cvedetails.com/vulnerability-list/vendor_id-19313/product_id-50250/Octoprint-Octoprint.html,OS or Product Mentioned,Absent,Present,Present,Present,Absent,Absent,Absent,Absent,Absent,Absent,Absent,Absent,Present,No,No,No,No,No,No
37,37,2022-22450,nvd.nist.gov,,https://nvd.nist.gov/vuln/detail/CVE-2022-22450,OS or Product Mentioned,Present,Present,Present,Present,Present,Absent,Absent,Inferred,Absent,Present,Absent,Absent,Present,Yes,No,No,No,No,No
38,38,2022-22450,cisa.gov,,https://www.cisa.gov/news-events/bulletins/sb22-199,OS or Product Mentioned,Present,Present,Present,Present,Present,Absent,Absent,Inferred,Absent,Absent,Absent,Absent,Present,Yes,No,No,No,No,No
39,39,2022-22450,cve.mitre.org,,https://cve.mitre.org/cgi-bin/cvename.cgi?name=CVE-2022-22450,OS or Product Mentioned,Present,Present,Present,Absent,Absent,Absent,Absent,Inferred,Absent,Absent,Absent,Absent,Present,Yes,No,No,No,No,No
40,40,2021-4283,cve.mitre.org,,https://cve.mitre.org/cgi-bin/cvename.cgi?name=CVE-2021-4283,OS or Product Mentioned,Present,Present,Present,Absent,Absent,Absent,Absent,Present,Absent,Present,Absent,Absent,Present,Yes,No,No,No,No,No
41,41,2021-4283,nvd.nist.gov,,https://nvd.nist.gov/vuln/detail/CVE-2021-4283,OS or Product Mentioned,Present,Present,Present,Present,Present,Absent,Absent,Present,Absent,Present,Absent,Absent,Present,Yes,No,No,No,No,No
42,42,2021-4283,reddit.com,,https://www.reddit.com/r/netcve/comments/zwcrcf/cve20214283/,Absent,Absent,Absent,Absent,Absent,Absent,Absent,Absent,Absent,Absent,Absent,Absent,Absent,Absent,No,No,No,No,No,No
43,43,2021-4283,mend.io,,https://www.mend.io/vulnerability-database/full-listing/2022/12,Absent,Absent,Absent,Absent,Absent,Absent,Absent,Absent,Absent,Absent,Absent,Absent,Absent,Absent,No,No,No,No,No,No
44,44,2022-34874,nvd.nist.gov,,https://nvd.nist.gov/vuln/detail/CVE-2022-34874,OS or Product Mentioned,Present,Present,Present,Present,Present,Absent,Absent,Present,Absent,Present,Absent,Absent,Present,Yes,No,No,No,No,No
45,45,2022-34874,zerodayinitiative.com,,https://www.zerodayinitiative.com/advisories/ZDI-22-951/,OS or Product Mentioned,Present,Present,Present,Present,Absent,Absent,Absent,Present,Absent,Present,Absent,Absent,Present,Yes,No,No,No,No,No
46,46,2022-34874,foxit.com,,https://www.foxit.com/support/security-bulletins.html,OS or Product Mentioned,Present,Present,Present,Absent,Absent,Absent,Absent,Inferred,Present,Present,Absent,Absent,Absent,Yes,No,No,No,No,No
47,47,2022-34874,patchmypc.com,,https://patchmypc.com/patch-my-pc-catalog-update-09-09-22,OS or Product Mentioned,Present,Absent,Absent,Absent,Absent,Absent,Absent,Absent,Absent,Present,Absent,Absent,Absent,No,No,No,No,No,No
48,48,2022-34874,tenable.com,,https://www.tenable.com/plugins/nessus/164495,OS or Product Mentioned,Present,Present,Present,Absent,Absent,Absent,Absent,Present,Absent,Present,Absent,Absent,Present,Yes,No,No,No,No,No
49,49,2022-34874,cve.mitre.org,,https://cve.mitre.org/cgi-bin/cvename.cgi?name=CVE-2022-34874,OS or Product Mentioned,Present,Present,Present,Absent,Absent,Absent,Absent,Present,Absent,Absent,Absent,Absent,Present,Yes,No,No,No,No,No
50,50,2021-29790,nvd.nist.gov,,https://nvd.nist.gov/vuln/detail/CVE-2021-29790,OS or Product Mentioned,Present,Present,Present,Present,Present,Absent,Absent,Absent,Absent,Present,Absent,Absent,Present,Yes,No,No,No,No,No
51,51,2021-29790,cve.mitre.org,,https://cve.mitre.org/cgi-bin/cvename.cgi?name=2021-29790,OS or Product Mentioned,Present,Present,Present,Absent,Absent,Absent,Absent,Absent,Absent,Present,Absent,Absent,Present,Yes,No,No,No,No,No
52,52,2021-29790,ibm.com,,https://www.ibm.com/support/pages/security-bulletin-there-are-multiple-vulnerabilites-affect-ibm-engineering-requirements-quality-assistant-premises-cve-2022-0778-cve-2021-38868-cve-2021-29799-cve-2021-29790-cve-2021-29788-0,OS or Product Mentioned,Present,Present,Present,Present,Present,Absent,Absent,Absent,Absent,Present,Absent,Absent,Present,Yes,No,No,No,No,No
53,53,2022-3326,nvd.nist.gov,,https://nvd.nist.gov/vuln/detail/CVE-2022-3326,OS or Product Mentioned,Present,Absent,Inferred,Present,Present,Absent,Absent,Inferred,Absent,Present,Absent,Absent,Present,No,No,No,No,No,No
54,54,2022-3326,nvd.nist.gov,,https://nvd.nist.gov/vuln/cvmap/report/7826,Absent,Absent,Absent,Absent,Absent,Absent,Absent,Absent,Absent,Absent,Absent,Absent,Absent,Absent,No,No,No,No,No,No
55,55,2022-3326,nvd.nist.gov,,https://nvd.nist.gov/vuln/cvmap/report/7848,Absent,Absent,Absent,Absent,Absent,Absent,Absent,Absent,Absent,Absent,Absent,Absent,Absent,Absent,No,No,No,No,No,No
56,56,2022-3326,nvd.nist.gov,,https://nvd.nist.gov/vuln/cvmap/report/7476,Absent,Absent,Absent,Absent,Absent,Absent,Absent,Absent,Absent,Absent,Absent,Absent,Absent,Absent,No,No,No,No,No,No
57,57,2022-3326,cisa.gov,,https://www.cisa.gov/node/1485,OS or Product Mentioned,Present,Absent,Inferred,Present,Present,Absent,Absent,Inferred,Absent,Present,Absent,Absent,Present,No,No,No,No,No,No
58,58,2022-3326,github.com,,https://github.com/advisories/GHSA-8wxf-c45w-g66g,OS or Product Mentioned,Present,Present,Inferred,Present,Present,Absent,Absent,Inferred,Absent,Present,Absent,Absent,Absent,Yes,No,No,No,No,No
59,59,2022-41794,nvd.nist.gov,,https://nvd.nist.gov/vuln/detail/CVE-2022-41794,OS or Product Mentioned,Present,Present,Present,Present,Present,Absent,Absent,Inferred,Absent,Absent,Absent,Absent,Present,Yes,No,No,No,No,No
60,60,2022-41794,debian.org,,https://www.debian.org/security/2023/dsa-5384,OS or Product Mentioned,Present,Present,Present,Absent,Absent,Absent,Absent,Inferred,Absent,Present,Absent,Absent,Absent,Yes,No,No,No,No,No
61,61,2022-41794,security-tracker.debian.org,,https://security-tracker.debian.org/tracker/CVE-2022-41794,OS or Product Mentioned,Present,Present,Present,Absent,Absent,Absent,Absent,Inferred,Absent,Present,Absent,Absent,Present,Yes,No,No,No,No,No
62,62,2022-41794,talosintelligence.com,,https://blog.talosintelligence.com/vulnerability-spotlight-openimageio-file-processing-issues-could-lead-to-arbitrary-code-execution-sensitive-information-leak-and-denial-of-service/,OS or Product Mentioned,Present,Present,Present,Present,Absent,Absent,Absent,Inferred,Absent,Present,Absent,Absent,Absent,Yes,No,No,No,No,No
63,63,2022-41794,cv.ecuri.es,,https://cv.ecuri.es/cve/CVE-2022-41794,OS or Product Mentioned,Present,Present,Present,Present,Present,Absent,Absent,Inferred,Absent,Absent,Absent,Absent,Present,Yes,No,No,No,No,No
64,64,2022-41794,packetstormsecurity.com,,https://packetstormsecurity.com/files/date/2023-04-10/,OS or Product Mentioned,Absent,Present,Present,Absent,Absent,Absent,Absent,Inferred,Absent,Absent,Absent,Absent,Absent,No,No,No,No,No,No
65,65,2022-41794,reddit.com,,https://www.reddit.com/r/netcve/comments/zsz1u2/cve202241794/,Absent,Absent,Absent,Absent,Present,Present,Absent,Absent,Absent,Absent,Absent,Absent,Present,Absent,No,No,No,Yes,No,No
66,66,2022-41794,cve.mitre.org,,https://cve.mitre.org/cgi-bin/cvename.cgi?name=CVE-2022-41794,OS or Product Mentioned,Present,Present,Present,Absent,Absent,Absent,Absent,Inferred,Absent,Absent,Absent,Absent,Present,Yes,No,No,No,No,No
67,67,2022-41794,nvd.nist.gov,,https://nvd.nist.gov/vuln/cvmap/report/8980,Absent,Absent,Absent,Absent,Absent,Absent,Absent,Absent,Absent,Absent,Absent,Absent,Absent,Absent,No,No,No,No,No,No
68,68,2022-41794,talosintelligence.com,,https://talosintelligence.com/vulnerability_reports/TALOS-2022-1626,OS or Product Mentioned,Present,Present,Present,Present,Absent,Absent,Present,Inferred,Absent,Present,Absent,Absent,Present,Yes,No,No,No,No,No
69,69,2022-41794,cve.report,,https://cve.report/qid/182349,OS or Product Mentioned,Absent,Absent,Present,Present,Absent,Absent,Absent,Inferred,Absent,Present,Absent,Absent,Absent,No,No,No,No,No,No
70,70,2022-41794,bugs.debian.org,,https://bugs.debian.org/cgi-bin/bugreport.cgi?bug=1027143,OS or Product Mentioned,Present,Present,Present,Absent,Absent,Absent,Absent,Inferred,Absent,Present,Absent,Present,Present,Yes,No,No,Yes,No,No
71,71,2022-41794,suse.com,,https://www.suse.com/pt-br/security/cve/CVE-2022-41794.html,OS or Product Mentioned,Present,Present,Present,Present,Absent,Absent,Absent,Inferred,Absent,Present,Absent,Absent,Present,Yes,No,No,No,No,No
72,72,2022-41794,lwn.net,,https://lwn.net/Articles/928647/,OS or Product Mentioned,Present,Present,Present,Absent,Absent,Absent,Absent,Inferred,Absent,Present,Absent,Absent,Absent,Yes,No,No,No,No,No
73,73,2022-2493,nvd.nist.gov,,https://nvd.nist.gov/vuln/detail/CVE-2022-2493,OS or Product Mentioned,Present,Absent,Present,Present,Present,Absent,Absent,Inferred,Absent,Present,Absent,Absent,Present,No,No,No,No,No,No
74,74,2022-4731,reddit.com,,https://www.reddit.com/r/netcve/comments/zuwjxq/cve20224731/,Absent,Absent,Absent,Absent,Absent,Absent,Absent,Absent,Absent,Absent,Absent,Absent,Present,Absent,No,No,No,Yes,No,No
75,75,2022-4731,nvd.nist.gov,,https://nvd.nist.gov/vuln/detail/CVE-2022-4731,OS or Product Mentioned,Present,Absent,Present,Present,Present,Absent,Absent,Present,Absent,Present,Absent,Absent,Present,No,No,No,No,No,No
76,76,2022-3273,nvd.nist.gov,,https://nvd.nist.gov/vuln/detail/CVE-2022-3273,OS or Product Mentioned,Present,Absent,Present,Present,Present,Absent,Absent,Absent,Absent,Present,Absent,Absent,Present,No,No,No,No,No,No
77,77,2022-3273,nvd.nist.gov,,https://nvd.nist.gov/vuln/cvmap/report/8096,Absent,Absent,Absent,Absent,Absent,Absent,Absent,Absent,Absent,Absent,Absent,Absent,Present,Absent,No,No,No,Yes,No,No
78,78,2022-3273,cisa.gov,,https://www.cisa.gov/news-events/bulletins/sb22-284,OS or Product Mentioned,Present,Absent,Present,Present,Present,Absent,Absent,Absent,Absent,Present,Absent,Absent,Present,No,No,No,No,No,No
79,79,2022-3273,pypi.org,,https://pypi.org/project/rdiffweb/,OS or Product Mentioned,Present,Absent,Present,Absent,Absent,Absent,Absent,Absent,Absent,Present,Absent,Absent,Absent,No,No,No,No,No,No
80,80,2022-22477,nvd.nist.gov,,https://nvd.nist.gov/vuln/detail/CVE-2022-22477,OS or Product Mentioned,Present,Present,Present,Present,Present,Absent,Absent,Absent,Absent,Present,Absent,Absent,Present,Yes,No,No,No,No,No
81,81,2022-22477,nvd.nist.gov,,https://nvd.nist.gov/vuln/detail/CVE-2022-22477/change-record?changeRecordedOn=07/20/2022T06:38:10.130-0400,Absent,Absent,Absent,Absent,Absent,Absent,Absent,Absent,Absent,Absent,Absent,Absent,Absent,Absent,No,No,No,No,No,No
82,82,2022-22477,cve.mitre.org,,https://cve.mitre.org/cgi-bin/cvename.cgi?name=CVE-2022-22477,OS or Product Mentioned,Present,Present,Present,Absent,Absent,Absent,Absent,Absent,Absent,Absent,Absent,Absent,Present,Yes,No,No,No,No,No
83,83,2022-3272,cve.mitre.org,,https://cve.mitre.org/cgi-bin/cvename.cgi?name=CVE-2022-3272,OS or Product Mentioned,Present,Absent,Absent,Absent,Absent,Absent,Absent,Absent,Absent,Present,Absent,Absent,Present,No,No,No,No,No,No
84,84,2022-3272,nvd.nist.gov,,https://nvd.nist.gov/vuln/detail/CVE-2022-3272,OS or Product Mentioned,Present,Absent,Absent,Present,Present,Absent,Absent,Absent,Absent,Present,Absent,Absent,Present,No,No,No,No,No,No
85,85,2022-3272,github.com,,https://github.com/advisories/GHSA-qrj3-hrgj-fm7r,OS or Product Mentioned,Present,Present,Present,Present,Absent,Absent,Absent,Inferred,Absent,Present,Absent,Absent,Absent,Yes,No,No,No,No,No
86,86,2022-29465,cve.mitre.org,,https://cve.mitre.org/cgi-bin/cvename.cgi?name=CVE-2022-29465,OS or Product Mentioned,Present,Present,Present,Absent,Absent,Absent,Absent,Absent,Absent,Absent,Absent,Absent,Present,Yes,No,No,No,No,No
87,87,2022-29465,reddit.com,,https://www.reddit.com/r/netcve/comments/wh8hjq/cve202229465/,Absent,Absent,Absent,Absent,Present,Present,Absent,Absent,Absent,Absent,Absent,Absent,Absent,Absent,No,No,No,No,No,No
88,88,2022-29465,nvd.nist.gov,,https://nvd.nist.gov/vuln/detail/CVE-2022-29465,OS or Product Mentioned,Present,Present,Present,Present,Present,Absent,Present,Absent,Absent,Absent,Absent,Absent,Present,Yes,No,No,No,No,No
89,89,2022-2550,cve.mitre.org,,https://cve.mitre.org/cgi-bin/cvename.cgi?name=CVE-2022-2550,OS or Product Mentioned,Present,Absent,Present,Absent,Absent,Absent,Absent,Absent,Absent,Present,Absent,Absent,Present,No,No,No,No,No,No
90,90,2022-2550,nvd.nist.gov,,https://nvd.nist.gov/vuln/detail/CVE-2022-2550,OS or Product Mentioned,Present,Absent,Present,Present,Present,Absent,Present,Absent,Absent,Present,Absent,Absent,Present,No,No,No,No,No,No
91,91,2022-2550,github.com,,https://github.com/advisories/GHSA-54c2-vr3w-mp8p,OS or Product Mentioned,Present,Absent,Present,Present,Absent,Absent,Absent,Absent,Absent,Present,Absent,Absent,Present,No,No,No,No,No,No
92,92,2022-38473,security-tracker.debian.org,,https://security-tracker.debian.org/tracker/CVE-2022-38473,OS or Product Mentioned,Present,Present,Present,Absent,Absent,Absent,Absent,Absent,Absent,Present,Absent,Absent,Present,Yes,No,No,No,No,No
93,93,2022-38473,linux.oracle.com,,https://linux.oracle.com/cve/CVE-2022-38473.html,OS or Product Mentioned,Present,Present,Present,Present,Absent,Absent,Absent,Absent,Absent,Absent,Absent,Absent,Present,Yes,No,No,No,No,No
94,94,2022-38473,bugzilla.redhat.com,,https://bugzilla.redhat.com/show_bug.cgi?id=2120674,OS or Product Mentioned,Present,Present,Present,Absent,Absent,Absent,Absent,Absent,Absent,Present,Absent,Absent,Absent,Yes,No,No,No,No,No
95,95,2022-38473,suse.com,,https://www.suse.com/security/cve/CVE-2022-38473.html,OS or Product Mentioned,Present,Present,Present,Present,Present,Absent,Absent,Absent,Absent,Present,Absent,Absent,Absent,Yes,No,No,No,No,No
96,96,2022-38473,suse.com,,https://www.suse.com/fr-fr/support/update/announcement/2022/suse-su-20223272-1/,OS or Product Mentioned,Present,Present,Present,Absent,Absent,Absent,Absent,Absent,Absent,Present,Absent,Absent,Absent,Yes,No,No,No,No,No
97,97,2022-38473,suse.com,,https://www.suse.com/zh-cn/support/update/announcement/2022/suse-su-20223272-1/,OS or Product Mentioned,Present,Present,Present,Absent,Absent,Absent,Absent,Absent,Absent,Present,Absent,Absent,Present,Yes,No,No,No,No,No
98,98,2022-27660,talosintelligence.com,,https://talosintelligence.com/vulnerability_reports/TALOS-2022-1502,OS or Product Mentioned,Present,Present,Present,Present,Absent,Absent,Present,Present,Absent,Absent,Absent,Absent,Present,Yes,No,No,No,No,No
99,99,2022-20906,cve.mitre.org,,"https://cve.mitre.org/cgi-bin/cvename.cgi?name=CVE-2022-20906,CVE-2022-20907,CVE-2022-20908,CVE-2022-20909",OS or Product Mentioned,Absent,Present,Present,Absent,Absent,Absent,Absent,Present,Absent,Absent,Absent,Absent,Present,No,No,No,No,No,No
100,100,2022-22450,ibm.com,,https://www.ibm.com/support/pages/node/6603405,OS or Product Mentioned,Present,Present,Present,Present,Present,Absent,Absent,Absent,Absent,Present,Absent,Absent,Present,Yes,No,No,No,No,No
101,101,2022-22450,exchange.xforce.ibmcloud.com,,https://exchange.xforce.ibmcloud.com/vulnerabilities/224916,OS or Product Mentioned,Present,Present,Present,Present,Absent,Absent,Absent,Absent,Absent,Present,Absent,Absent,Present,Yes,No,No,No,No,No
102,102,2021-4283,cve.report,,https://cve.report/CVE-2021-4283,OS or Product Mentioned,Present,Present,Present,Present,Present,Absent,Absent,Present,Absent,Present,Absent,Absent,Present,Yes,No,No,No,No,No
103,103,2021-4283,vuldb.com,,https://vuldb.com/?id.216872,OS or Product Mentioned,Present,Present,Present,Present,Absent,Absent,Present,Present,Absent,Present,Absent,Absent,Present,Yes,No,No,No,No,No
104,104,2021-4283,vuldb.com,,https://vuldb.com/?ctiid.216872,OS or Product Mentioned,Present,Present,Absent,Present,Absent,Absent,Absent,Absent,Absent,Absent,Absent,Absent,Absent,Yes,No,No,No,No,No
105,105,2022-34874,patchmypc.com,,https://patchmypc.com/third-party-software-update-catalog-release-history-september-2022,OS or Product Mentioned,Present,Absent,Absent,Absent,Absent,Absent,Absent,Absent,Absent,Present,Absent,Absent,Absent,No,No,No,No,No,No
106,106,2022-34874,foxitsoftware.com,,https://www.foxitsoftware.com/support/security-bulletins.html,OS or Product Mentioned,Present,Present,Present,Absent,Absent,Absent,Absent,Absent,Present,Present,Absent,Absent,Absent,Yes,No,No,No,No,No
107,107,2021-29790,exchange.xforce.ibmcloud.com,,https://exchange.xforce.ibmcloud.com/vulnerabilities/203440,OS or Product Mentioned,Present,Present,Present,Present,Absent,Absent,Absent,Absent,Absent,Present,Absent,Absent,Present,Yes,No,No,No,No,No
108,108,2021-29790,ibm.com,,https://www.ibm.com/support/pages/node/6604005,OS or Product Mentioned,Present,Present,Present,Present,Present,Absent,Absent,Absent,Absent,Present,Absent,Absent,Present,Yes,No,No,No,No,No
109,109,2022-3326,github.com,,https://github.com/ikus060/rdiffweb,OS or Product Mentioned,Present,Present,Absent,Absent,Absent,Absent,Absent,Absent,Absent,Present,Absent,Absent,Absent,Yes,No,No,No,No,No
110,110,2022-3326,libraries.io,,https://libraries.io/pypi/rdiffweb,OS or Product Mentioned,Present,Present,Absent,Absent,Absent,Absent,Absent,Absent,Absent,Present,Absent,Absent,Absent,Yes,No,No,No,No,No
111,111,2022-41794,lists.debian.org,,https://lists.debian.org/debian-lts-announce/2023/08/msg00005.html,OS or Product Mentioned,Present,Present,Present,Absent,Absent,Absent,Absent,Absent,Absent,Present,Absent,Absent,Absent,Yes,No,No,No,No,No
112,112,2022-41794,security.gentoo.org,,https://security.gentoo.org/glsa/202305-33,OS or Product Mentioned,Present,Absent,Absent,Absent,Absent,Absent,Absent,Absent,Absent,Present,Absent,Absent,Absent,No,No,No,No,No,No
113,113,2022-41794,bugs.gentoo.org,,https://bugs.gentoo.org/show_bug.cgi?id=CVE-2022-41794,OS or Product Mentioned,Present,Absent,Absent,Absent,Absent,Absent,Absent,Absent,Absent,Absent,Absent,Absent,Absent,No,No,No,No,No,No
114,114,2022-41794,bugzilla.suse.com,,https://bugzilla.suse.com/show_bug.cgi?id=CVE-2022-41794,OS or Product Mentioned,Present,Present,Absent,Absent,Absent,Absent,Absent,Absent,Absent,Present,Absent,Absent,Absent,Yes,No,No,No,No,No
115,115,2022-41794,bugzilla.redhat.com,,https://bugzilla.redhat.com/show_bug.cgi?id=CVE-2022-41794,OS or Product Mentioned,Absent,Absent,Absent,Absent,Absent,Absent,Absent,Absent,Absent,Present,Absent,Absent,Absent,No,No,No,No,No,No
116,116,2022-41794,people.canonical.com,,https://people.canonical.com/~ubuntu-security/cve/2022/CVE-2022-41794.html,OS or Product Mentioned,Present,Present,Present,Present,Absent,Absent,Absent,Absent,Absent,Absent,Absent,Absent,Present,Yes,No,No,No,No,No
117,117,2022-41794,github.com,,https://github.com/OpenImageIO/oiio/blob/dev-2.4/CHANGES.md,OS or Product Mentioned,Present,Present,Absent,Absent,Absent,Absent,Absent,Absent,Absent,Present,Absent,Absent,Absent,Yes,No,No,No,No,No
118,118,2022-41794,cve.report,,https://cve.report/CVE-2022-41794,OS or Product Mentioned,Present,Present,Present,Present,Absent,Absent,Absent,Absent,Absent,Absent,Absent,Absent,Present,Yes,No,No,No,No,No
119,119,2022-4731,cve.report,,https://cve.report/CVE-2022-4731,OS or Product Mentioned,Present,Present,Present,Present,Absent,Absent,Absent,Present,Absent,Present,Absent,Absent,Present,Yes,No,No,No,No,No
120,120,2022-22477,exchange.xforce.ibmcloud.com,,https://exchange.xforce.ibmcloud.com/vulnerabilities/225605,OS or Product Mentioned,Present,Present,Present,Present,Absent,Absent,Absent,Absent,Absent,Absent,Absent,Absent,Present,Yes,No,No,No,No,No
121,121,2022-22477,ibm.com,,https://www.ibm.com/support/pages/node/6603417,OS or Product Mentioned,Present,Present,Present,Present,Present,Absent,Absent,Absent,Absent,Present,Absent,Absent,Present,Yes,No,No,No,No,No
122,122,2022-29465,cve.report,,https://cve.report/CVE-2022-29465,OS or Product Mentioned,Present,Present,Present,Present,Absent,Absent,Absent,Absent,Absent,Absent,Absent,Absent,Present,Yes,No,No,No,No,No
123,123,2022-29465,talosintelligence.com,,https://talosintelligence.com/vulnerability_reports/TALOS-2022-1526,OS or Product Mentioned,Present,Present,Absent,Present,Present,Absent,Absent,Absent,Absent,Present,Absent,Absent,Present,Yes,No,No,No,No,No
124,124,2022-38341,csa.gov.sg,,https://www.csa.gov.sg/alert-advisories/alerts/2022/SB-2022-041,OS or Product Mentioned,Present,Present,Absent,Present,Present,Absent,Absent,Absent,Absent,Absent,Absent,Absent,Present,Yes,No,No,No,No,No
125,125,2022-38341,nvd.nist.gov,,https://nvd.nist.gov/vuln/detail/CVE-2022-38341,OS or Product Mentioned,Present,Present,Absent,Present,Present,Absent,Absent,Absent,Absent,Present,Absent,Absent,Present,Yes,No,No,No,No,No
126,126,2022-38341,csa.gov.sg,,https://www.csa.gov.sg/alerts-advisories/security-bulletins/2022/sb-2022-046,OS or Product Mentioned,Present,Present,Absent,Present,Present,Absent,Absent,Absent,Absent,Absent,Absent,Absent,Present,Yes,No,No,No,No,No
127,127,2022-38341,cisa.gov,,https://www.cisa.gov/news-events/bulletins/sb22-269,OS or Product Mentioned,Present,Present,Absent,Present,Present,Absent,Absent,Absent,Absent,Absent,Absent,Absent,Present,Yes,No,No,No,No,No
128,128,2022-38341,cve.mitre.org,,https://cve.mitre.org/cgi-bin/cvename.cgi?name=CVE-2022-38341,OS or Product Mentioned,Present,Present,Absent,Absent,Absent,Absent,Absent,Absent,Absent,Absent,Absent,Absent,Present,Yes,No,No,No,No,No
129,129,2022-2070,cisa.gov,,https://www.cisa.gov/news-events/bulletins/sb22-276,OS or Product Mentioned,Present,Present,Present,Present,Present,Absent,Absent,Present,Absent,Absent,Absent,Absent,Present,Yes,No,No,No,No,No
130,130,2022-2070,cve.mitre.org,,https://cve.mitre.org/cgi-bin/cvename.cgi?name=CVE-2022-2070,OS or Product Mentioned,Present,Present,Present,Absent,Absent,Absent,Absent,Present,Absent,Absent,Absent,Absent,Present,Yes,No,No,No,No,No
131,131,2022-2070,cisa.gov,Y,https://www.cisa.gov/node/1485,OS or Product Mentioned,Present,Present,Present,Present,Present,Absent,Absent,Present,Absent,Absent,Absent,Absent,Present,Yes,No,No,No,No,No
132,132,2022-2070,nvd.nist.gov,,https://nvd.nist.gov/vuln/detail/CVE-2022-2070,OS or Product Mentioned,Present,Present,Present,Present,Present,Absent,Absent,Present,Absent,Absent,Absent,Absent,Present,Yes,No,No,No,No,No
133,133,2022-43362,cvedetails.com,,https://www.cvedetails.com/vulnerability-list/vendor_id-16232/Slims.html,OS or Product Mentioned,Present,Present,Absent,Present,Present,Absent,Absent,Absent,Absent,Absent,Absent,Absent,Present,Yes,No,No,No,No,No
134,134,2022-43362,cisa.gov,,https://www.cisa.gov/news-events/bulletins/sb22-311,OS or Product Mentioned,Present,Present,Absent,Present,Present,Absent,Absent,Absent,Absent,Absent,Absent,Absent,Present,Yes,No,No,No,No,No
135,135,2022-43362,nvd.nist.gov,,https://nvd.nist.gov/vuln/detail/CVE-2022-43362,OS or Product Mentioned,Present,Present,Absent,Present,Present,Absent,Absent,Absent,Absent,Absent,Absent,Absent,Present,Yes,No,No,No,No,No
136,136,2022-43362,csa.gov.sg,Y,https://www.csa.gov.sg/alerts-advisories/security-bulletins/2022/sb-2022-046,OS or Product Mentioned,Present,Present,Absent,Present,Present,Absent,Absent,Absent,Absent,Absent,Absent,Absent,Present,Yes,No,No,No,No,No
137,137,2022-3783,csa.gov.sg,,https://www.csa.gov.sg/alerts-advisories/security-bulletins/2022/sb-2022-045,OS or Product Mentioned,Absent,Present,Absent,Absent,Absent,Absent,Absent,Present,Absent,Present,Absent,Absent,Present,No,No,No,No,No,No
138,138,2022-3783,github.com,,https://github.com/advisories/GHSA-vrv9-3x3w-ffxw,OS or Product Mentioned,Present,Present,Absent,Present,Present,Absent,Absent,Present,Absent,Present,Absent,Absent,Absent,Yes,No,No,No,No,No
139,139,2022-3783,csa.gov.sg,Y,https://www.csa.gov.sg/alerts-advisories/security-bulletins/2022/sb-2022-046,OS or Product Mentioned,Absent,Present,Absent,Present,Present,Absent,Absent,Present,Absent,Present,Absent,Absent,Present,No,No,No,No,No,No
140,140,2022-3783,nvd.nist.gov,,https://nvd.nist.gov/vuln/detail/CVE-2022-3783,OS or Product Mentioned,Present,Present,Absent,Present,Present,Absent,Present,Present,Absent,Present,Absent,Absent,Present,Yes,No,No,No,No,No
141,141,2022-3783,cisa.gov,Y,https://www.cisa.gov/news-events/bulletins/sb22-311,OS or Product Mentioned,Absent,Present,Absent,Present,Present,Absent,Absent,Present,Absent,Present,Absent,Absent,Absent,No,No,No,No,No,No
142,142,2022-3783,vuldb.com,,https://vuldb.com/?id.212555,OS or Product Mentioned,Absent,Present,Absent,Present,Present,Absent,Absent,Present,Absent,Present,Absent,Absent,Absent,No,No,No,No,No,No
143,143,2022-43235,bugs.debian.org,,https://bugs.debian.org/cgi-bin/bugreport.cgi?bug=1027179,OS or Product Mentioned,Present,Present,Present,Present,Absent,Absent,Absent,Absent,Absent,Present,Absent,Present,Absent,Yes,No,No,Yes,No,No
144,144,2022-43235,cvedetails.com,,https://www.cvedetails.com/vulnerability-list/vendor_id-23/product_id-36/year-2022/opdos-1/Debian-Debian-Linux.html,OS or Product Mentioned,Present,Present,Present,Present,Present,Absent,Absent,Absent,Absent,Absent,Absent,Absent,Absent,Yes,No,No,No,No,No
145,145,2022-43235,bugs.debian.org,,https://bugs.debian.org/cgi-bin/bugreport.cgi?bug=1029357,OS or Product Mentioned,Present,Present,Present,Present,Absent,Absent,Absent,Absent,Absent,Present,Absent,Present,Absent,Yes,No,No,Yes,No,No
146,146,2022-43235,cve.mitre.org,,https://cve.mitre.org/cgi-bin/cvename.cgi?name=CVE-2022-43235,OS or Product Mentioned,Present,Present,Present,Absent,Absent,Absent,Absent,Absent,Absent,Absent,Absent,Absent,Absent,Yes,No,No,No,No,No
147,147,2022-43235,cisa.gov,Y,https://www.cisa.gov/news-events/bulletins/sb22-311,OS or Product Mentioned,Present,Present,Present,Present,Present,Absent,Absent,Absent,Absent,Absent,Absent,Absent,Present,Yes,No,No,No,No,No
148,148,2022-43235,debian.org,,https://www.debian.org/security/2023/dsa-5346,OS or Product Mentioned,Absent,Present,Present,Absent,Absent,Absent,Absent,Absent,Absent,Present,Absent,Absent,Absent,No,No,No,No,No,No
149,149,2022-43235,lwn.net,,https://lwn.net/Articles/921148/,OS or Product Mentioned,Present,Present,Present,Absent,Absent,Absent,Absent,Absent,Absent,Present,Absent,Absent,Absent,Yes,No,No,No,No,No
150,150,2022-43235,packetstormsecurity.com,,https://packetstormsecurity.com/files/170977/Debian-Security-Advisory-5346-1.html,OS or Product Mentioned,Absent,Present,Present,Absent,Absent,Absent,Absent,Absent,Absent,Present,Absent,Absent,Absent,No,No,No,No,No,No
151,151,2022-43235,security-tracker.debian.org,,https://security-tracker.debian.org/tracker/CVE-2022-43235,OS or Product Mentioned,Present,Present,Present,Absent,Absent,Absent,Absent,Absent,Absent,Present,Absent,Absent,Absent,Yes,No,No,No,No,No
152,152,2022-43235,nvd.nist.gov,,https://nvd.nist.gov/vuln/detail/CVE-2022-43235,OS or Product Mentioned,Present,Present,Present,Present,Present,Absent,Present,Absent,Absent,Absent,Absent,Absent,Present,Yes,No,No,No,No,No
153,153,2022-40341,cisa.gov,Y,https://www.cisa.gov/news-events/bulletins/sb22-276,OS or Product Mentioned,Present,Present,Present,Present,Present,Absent,Absent,Absent,Absent,Absent,Absent,Absent,Present,Yes,No,No,No,No,No
154,154,2022-40341,csa.gov.sg,Y,https://www.csa.gov.sg/alert-advisories/alerts/2022/SB-2022-041,OS or Product Mentioned,Present,Present,Present,Present,Present,Absent,Absent,Absent,Absent,Absent,Absent,Absent,Present,Yes,No,No,No,No,No
155,155,2022-40341,csa.gov.sg,,https://www.csa.gov.sg/alerts-advisories/security-bulletins/2022/sb-2022-042,OS or Product Mentioned,Present,Present,Present,Present,Present,Absent,Absent,Absent,Absent,Absent,Absent,Absent,Present,Yes,No,No,No,No,No
156,156,2022-40341,cisa.gov,Y,https://www.cisa.gov/news-events/bulletins/sb22-284,OS or Product Mentioned,Present,Present,Present,Present,Present,Absent,Absent,Absent,Absent,Absent,Absent,Absent,Present,Yes,No,No,No,No,No
157,157,2022-40341,cisa.gov,Y,https://www.cisa.gov/node/1485,OS or Product Mentioned,Present,Present,Present,Present,Present,Absent,Absent,Absent,Absent,Absent,Absent,Absent,Present,Yes,No,No,No,No,No
158,158,2022-40341,cve.report,,https://cve.report/CVE-2022-40341,OS or Product Mentioned,Present,Present,Present,Present,Present,Absent,Absent,Absent,Absent,Absent,Absent,Absent,Present,Yes,No,No,No,No,No
159,159,2022-40341,weed-1.gitbook.io,,https://weed-1.gitbook.io/cve/mojoportal/upload-malicious-file-in-mojoportal-v2.7-cve-2022-40341,OS or Product Mentioned,Present,Present,Present,Absent,Absent,Absent,Present,Present,Absent,Absent,Absent,Absent,Absent,Yes,No,No,No,No,No
160,160,2022-40341,cvedetails.com,,https://www.cvedetails.com/vulnerability-list/vendor_id-17459/product_id-42758/Mojoportal-Mojoportal.html,OS or Product Mentioned,Present,Present,Present,Present,Present,Absent,Absent,Absent,Absent,Absent,Absent,Absent,Present,Yes,No,No,No,No,No
161,161,2022-40341,nvd.nist.gov,,https://nvd.nist.gov/vuln/detail/CVE-2022-40341,OS or Product Mentioned,Present,Present,Present,Present,Present,Absent,Absent,Absent,Absent,Absent,Absent,Absent,Present,Yes,No,No,No,No,No
162,162,2022-40341,cve.report,,https://cve.report/CVE-2022-40341.pdf,OS or Product Mentioned,Present,Present,Present,Present,Present,Absent,Absent,Absent,Absent,Absent,Absent,Absent,Present,Yes,No,No,No,No,No
163,163,2022-39835,cisa.gov,Y,https://www.cisa.gov/news-events/bulletins/sb22-276,OS or Product Mentioned,Present,Absent,Present,Present,Present,Absent,Absent,Present,Absent,Present,Absent,Absent,Present,No,No,No,No,No,No
164,164,2022-39835,csa.gov.sg,Y,https://www.csa.gov.sg/alert-advisories/alerts/2022/SB-2022-041,OS or Product Mentioned,Present,Absent,Present,Present,Present,Absent,Absent,Present,Absent,Present,Absent,Absent,Present,No,No,No,No,No,No
165,165,2022-39835,nvd.nist.gov,,https://nvd.nist.gov/vuln/detail/CVE-2022-39835,OS or Product Mentioned,Present,Absent,Present,Present,Present,Absent,Absent,Present,Absent,Present,Absent,Absent,Present,No,No,No,No,No,No
166,166,2022-39835,cve.mitre.org,,https://cve.mitre.org/cgi-bin/cvename.cgi?name=CVE-2022-39835,OS or Product Mentioned,Present,Absent,Present,Absent,Absent,Absent,Absent,Present,Absent,Present,Absent,Absent,Present,No,No,No,No,No,No
167,167,2022-39835,cisa.gov,Y,https://www.cisa.gov/node/1485,OS or Product Mentioned,Present,Absent,Present,Present,Present,Absent,Absent,Present,Absent,Present,Absent,Absent,Present,No,No,No,No,No,No
168,168,2022-39835,cvedetails.com,,https://www.cvedetails.com/vulnerability-list/vendor_id-11939/Gajim.html,OS or Product Mentioned,Present,Absent,Present,Present,Present,Absent,Absent,Present,Absent,Present,Absent,Absent,Present,No,No,No,No,No,No
169,169,2021-4274,nvd.nist.gov,,https://nvd.nist.gov/vuln/detail/CVE-2021-4274,OS or Product Mentioned,Present,Present,Absent,Present,Present,Absent,Absent,Present,Absent,Present,Absent,Absent,Present,Yes,No,No,No,No,No
170,170,2021-4274,csa.gov.sg,,https://www.csa.gov.sg/alerts-advisories/security-bulletins/2023/sb-2023-001,OS or Product Mentioned,Absent,Present,Absent,Present,Present,Absent,Absent,Present,Absent,Present,Absent,Absent,Present,No,No,No,No,No,No
171,171,2021-4274,cisa.gov,,https://www.cisa.gov/ncas/bulletins/sb22-361,OS or Product Mentioned,Absent,Present,Absent,Present,Present,Absent,Absent,Present,Absent,Present,Absent,Absent,Present,No,No,No,No,No,No
172,172,2021-4274,vuldb.com,,https://vuldb.com/?id.216479,OS or Product Mentioned,Present,Present,Absent,Present,Absent,Absent,Absent,Present,Absent,Present,Absent,Absent,Present,Yes,No,No,No,No,No
173,173,2021-4274,totallysecure.net,,https://totallysecure.net/?p=25296&utm_source=feedly,OS or Product Mentioned,Absent,Present,Absent,Present,Present,Absent,Absent,Present,Absent,Present,Absent,Absent,Present,No,No,No,No,No,No
174,174,2021-4274,redpacketsecurity.com,,https://www.redpacketsecurity.com/cisa-vulnerability-bulletin-vulnerability-summary-for-the-week-of-december-19-2022/?utm_source=feedly,OS or Product Mentioned,Absent,Present,Absent,Present,Present,Absent,Absent,Present,Absent,Present,Absent,Absent,Present,No,No,No,No,No,No
175,175,2021-4274,cve.report,,https://cve.report/CVE-2021-4274,OS or Product Mentioned,Absent,Present,Absent,Present,Present,Absent,Absent,Present,Absent,Present,Absent,Absent,Present,No,No,No,No,No,No
176,176,2021-4274,cve.report,,https://cve.report/CVE-2021-4274.pdf,OS or Product Mentioned,Absent,Present,Absent,Present,Present,Absent,Absent,Present,Absent,Present,Absent,Absent,Present,No,No,No,No,No,No
177,177,2022-44696,computerworld.com,,https://www.computerworld.com/article/3683593/patch-tuesday-two-zero-day-flaws-in-windows-need-immediate-attention.html,OS or Product Mentioned,Present,Present,Absent,Absent,Absent,Absent,Absent,Absent,Absent,Present,Absent,Absent,Absent,Yes,No,No,No,No,No
178,178,2022-44696,learn.microsoft.com,,https://learn.microsoft.com/en-us/officeupdates/microsoft365-apps-security-updates,OS or Product Mentioned,Absent,Absent,Absent,Absent,Absent,Absent,Absent,Absent,Absent,Present,Absent,Absent,Absent,No,No,No,No,No,No
179,179,2022-44696,qualys.com,,https://www.qualys.com/research/security-alerts/2022-12-13/microsoft/,OS or Product Mentioned,Absent,Absent,Present,Present,Absent,Absent,Absent,Absent,Absent,Present,Absent,Absent,Absent,No,No,No,No,No,No
180,180,2022-44696,nvd.nist.gov,,https://nvd.nist.gov/vuln/detail/CVE-2022-44696,OS or Product Mentioned,Present,Absent,Present,Present,Present,Absent,Absent,Present,Absent,Absent,Absent,Absent,Present,No,No,No,No,No,No
181,181,2022-44696,cybersecurity-help.cz,,https://www.cybersecurity-help.cz/vdb/SB2022121382,OS or Product Mentioned,Present,Present,Present,Present,Absent,Present,Present,Present,Absent,Present,Absent,Absent,Absent,Yes,Yes,No,No,No,No
182,182,2022-44696,zerodayinitiative.com,,https://www.zerodayinitiative.com/blog/2022/12/13/the-december-2022-security-update-review,OS or Product Mentioned,Absent,Absent,Present,Present,Absent,Present,Present,Present,Absent,Absent,Absent,Absent,Present,No,Yes,No,No,No,No
183,183,2022-44696,csa.gov.sg,,https://www.csa.gov.sg/alerts-advisories/security-bulletin/2022/sb-2022-051,OS or Product Mentioned,Absent,Absent,Present,Present,Absent,Absent,Absent,Present,Absent,Absent,Absent,Absent,Present,No,No,No,No,No,No
184,184,2022-44696,github.com,,https://github.com/advisories/GHSA-97gv-8r4h-xqgf,OS or Product Mentioned,Absent,Absent,Present,Present,Present,Absent,Absent,Absent,Absent,Absent,Absent,Absent,Present,No,No,No,No,No,No
185,185,2022-44696,cisa.gov,,https://www.cisa.gov/news-events/bulletins/sb22-353,OS or Product Mentioned,Absent,Absent,Present,Present,Present,Absent,Absent,Present,Absent,Absent,Absent,Absent,Present,No,No,No,No,No,No
186,186,2022-44696,tripwire.com,,https://www.tripwire.com/state-of-security/vert-threat-alert-december-2022-patch-tuesday-analysis,OS or Product Mentioned,Absent,Absent,Present,Absent,Absent,Present,Absent,Present,Absent,Absent,Absent,Absent,Absent,No,No,No,No,No,No
187,187,2022-44696,zerodayinitiative.com,,https://www.zerodayinitiative.com/advisories/ZDI-22-1670/,OS or Product Mentioned,Absent,Present,Present,Present,Absent,Absent,Absent,Present,Absent,Present,Absent,Absent,Absent,No,No,No,No,No,No
188,188,2022-44696,threats.kaspersky.com,,https://threats.kaspersky.com/en/vulnerability/KLA20121/,OS or Product Mentioned,Absent,Absent,Present,Present,Absent,Absent,Absent,Present,Absent,Present,Absent,Absent,Present,No,No,No,No,No,No
189,189,2022-44696,secpod.com,,https://www.secpod.com/blog/https-www-secpod-com-blog-microsofts-november-2022-patch-tuesday-fixes-48-vulnerabilities-including-2-zero-days/,OS or Product Mentioned,Absent,Absent,Present,Absent,Absent,Present,Present,Absent,Absent,Absent,Absent,Absent,Absent,No,No,No,No,No,No
190,190,2022-44696,isc.sans.edu,,https://isc.sans.edu/diary/Microsoft%20December%202022%20Patch%20Tuesday/29336,OS or Product Mentioned,Absent,Absent,Present,Present,Absent,Present,Present,Present,Absent,Absent,Absent,Absent,Present,No,Yes,No,No,No,No
191,191,2022-44696,github.com,,https://github.com/advisories/GHSA-5r4q-cxm9-j4ww,OS or Product Mentioned,Absent,Absent,Present,Present,Present,Absent,Absent,Absent,Absent,Absent,Absent,Absent,Present,No,No,No,No,No,No
192,192,2022-44696,csa.gov.sg,,https://www.csa.gov.sg/alerts-advisories/security-bulletins/2022/sb-2022-050,OS or Product Mentioned,Absent,Absent,Present,Present,Absent,Absent,Absent,Present,Absent,Absent,Absent,Absent,Present,No,No,No,No,No,No
193,193,2022-44696,elevenforum.com,,https://www.elevenforum.com/t/microsoft-december-2022-security-updates.11168/,OS or Product Mentioned,Absent,Absent,Absent,Absent,Absent,Absent,Absent,Absent,Absent,Absent,Absent,Absent,Absent,No,No,No,No,No,No
194,194,2022-44696,cve.mitre.org,,https://cve.mitre.org/cgi-bin/cvename.cgi?name=CVE-2022-44696,OS or Product Mentioned,Absent,Absent,Present,Absent,Absent,Absent,Absent,Present,Absent,Absent,Absent,Absent,Present,No,No,No,No,No,No
195,195,2022-44696,cybersecurity-help.cz,,https://www.cybersecurity-help.cz/vulnerabilities/70222/,OS or Product Mentioned,Present,Present,Present,Present,Absent,Absent,Absent,Present,Absent,Present,Absent,Absent,Absent,Yes,No,No,No,No,No
196,196,2022-44696,api.tenable.com,,https://api.tenable.com/v1/u?66b8fc2e,OS or Product Mentioned,Absent,Absent,Absent,Absent,Absent,Absent,Absent,Absent,Absent,Absent,Absent,Absent,Absent,No,No,No,No,No,No
197,197,2022-44696,github.com,,https://github.com/advisories/GHSA-6mqg-h2c7-mprv,OS or Product Mentioned,Absent,Absent,Present,Present,Present,Absent,Absent,Absent,Absent,Absent,Absent,Absent,Present,No,No,No,No,No,No
198,198,2022-44696,scaprepo.com,,https://www.scaprepo.com/view.jsp?id=CVE-2022-44696,OS or Product Mentioned,Absent,Absent,Present,Present,Absent,Present,Absent,Present,Absent,Absent,Absent,Absent,Present,No,No,No,No,No,No
199,199,2022-44696,tenable.com,,https://www.tenable.com/plugins/nessus/168730,OS or Product Mentioned,Absent,Absent,Present,Present,Present,Absent,Absent,Present,Absent,Present,Absent,Absent,Absent,No,No,No,No,No,No
200,200,2022-44696,api.tenable.com,,https://api.tenable.com/v1/u?5931548c,OS or Product Mentioned,Absent,Absent,Absent,Absent,Absent,Absent,Absent,Absent,Absent,Absent,Absent,Absent,Absent,No,No,No,No,No,No
201,201,2022-44696,tenable.com,,https://www.tenable.com/cve/CVE-2022-44696,OS or Product Mentioned,Absent,Absent,Present,Present,Present,Absent,Absent,Present,Absent,Absent,Absent,Absent,Present,No,No,No,No,No,No
202,202,2022-44696,tenable.com,,https://www.tenable.com/plugins/nessus/168730/changelog,Absent,Absent,Absent,Absent,Present,Absent,Absent,Absent,Absent,Absent,Absent,Absent,Absent,Absent,No,No,No,No,No,No
203,203,2022-44696,stack.watch,,https://stack.watch/product/microsoft/office/,OS or Product Mentioned,Absent,Absent,Present,Present,Absent,Absent,Absent,Present,Absent,Absent,Absent,Absent,Present,No,No,No,No,No,No
204,204,2022-35999,cve.mitre.org,,https://cve.mitre.org/cgi-bin/cvename.cgi?name=CVE-2022-35999,OS or Product Mentioned,Present,Present,Present,Absent,Absent,Present,Absent,Absent,Absent,Present,Absent,Absent,Present,Yes,No,No,No,No,No
205,205,2022-35999,cisa.gov,,https://www.cisa.gov/news-events/bulletins/sb22-264,OS or Product Mentioned,Present,Present,Present,Present,Present,Present,Absent,Absent,Absent,Present,Absent,Absent,Present,Yes,No,No,No,No,No
206,206,2022-35999,nvd.nist.gov,,https://nvd.nist.gov/vuln/detail/CVE-2022-35999,OS or Product Mentioned,Present,Present,Present,Present,Present,Present,Absent,Absent,Absent,Present,Absent,Absent,Present,Yes,No,No,No,No,No
207,207,2022-35999,security.snyk.io,,https://security.snyk.io/vuln/SNYK-PYTHON-TENSORFLOWCPU-3026945,OS or Product Mentioned,Present,Present,Present,Present,Present,Absent,Present,Absent,Absent,Present,Absent,Absent,Absent,Yes,No,No,No,No,No
208,208,2022-35999,cisa.gov,Y,https://www.cisa.gov/news-events/bulletins/sb22-269,OS or Product Mentioned,Present,Present,Present,Present,Present,Present,Absent,Absent,Absent,Present,Absent,Absent,Present,Yes,No,No,No,No,No
209,209,2022-35999,cisa.gov,,https://www.cisa.gov/news-events/bulletins/sb22-262,OS or Product Mentioned,Present,Present,Present,Present,Present,Present,Absent,Absent,Absent,Present,Absent,Absent,Present,Yes,No,No,No,No,No
210,210,2022-35999,gitclear.com,,https://www.gitclear.com/open_repos/tensorflow/tensorflow/release/v2.10.0,OS or Product Mentioned,Present,Absent,Absent,Absent,Absent,Absent,Absent,Absent,Absent,Present,Absent,Absent,Absent,No,No,No,No,No,No
211,211,2022-35999,github.com,,https://github.com/tensorflow/tensorflow/security/advisories/GHSA-37jf-mjv6-xfqw,OS or Product Mentioned,Present,Present,Present,Present,Absent,Absent,Absent,Absent,Absent,Present,Absent,Absent,Absent,Yes,No,No,No,No,No
212,212,2022-35999,github.com,,https://github.com/tensorflow/tensorflow/releases/tag/v2.10.0,OS or Product Mentioned,Present,Absent,Absent,Absent,Absent,Absent,Absent,Absent,Absent,Present,Absent,Absent,Absent,No,No,No,No,No,No
213,213,2022-35999,bugzilla.suse.com,,https://bugzilla.suse.com/show_bug.cgi?id=1203507,OS or Product Mentioned,Present,Absent,Absent,Absent,Absent,Absent,Absent,Absent,Absent,Present,Absent,Present,Absent,No,No,No,Yes,No,No
214,214,2022-35999,totallysecure.net,,https://totallysecure.net/?p=23390,OS or Product Mentioned,Present,Present,Present,Absent,Absent,Present,Absent,Absent,Absent,Present,Absent,Absent,Absent,Yes,No,No,No,No,No
215,215,2022-35999,stack.watch,,https://stack.watch/product/google/tensorflow/,OS or Product Mentioned,Present,Present,Present,Present,Present,Present,Absent,Absent,Absent,Present,Absent,Absent,Present,Yes,No,No,No,No,No
216,216,2022-36835,nvd.nist.gov,,https://nvd.nist.gov/vuln/detail/CVE-2022-36835,OS or Product Mentioned,Present,Present,Present,Present,Present,Absent,Absent,Absent,Absent,Present,Absent,Absent,Present,Yes,No,No,No,No,No
217,217,2022-36835,security.samsungmobile.com,,https://security.samsungmobile.com/serviceWeb.smsb?year=2022&month=08,OS or Product Mentioned,Present,Present,Present,Absent,Absent,Absent,Absent,Absent,Absent,Present,Absent,Absent,Present,Yes,No,No,No,No,No
218,218,2022-36835,tenable.com,,https://www.tenable.com/cve/CVE-2022-36835,OS or Product Mentioned,Present,Present,Present,Present,Present,Absent,Absent,Absent,Absent,Present,Absent,Absent,Present,Yes,No,No,No,No,No
219,219,2022-36835,cvedetails.com,,https://www.cvedetails.com/cve/CVE-2022-36835/,OS or Product Mentioned,Present,Present,Present,Present,Present,Absent,Absent,Absent,Absent,Present,Absent,Absent,Present,Yes,No,No,No,No,No
220,220,2022-36835,cve.org,,https://www.cve.org/CVERecord?id=CVE-2022-36835,OS or Product Mentioned,Present,Present,Present,Absent,Absent,Absent,Absent,Absent,Absent,Present,Absent,Absent,Present,Yes,No,No,No,No,No
221,221,2022-36835,vuldb.com,,https://vuldb.com/?id.205733,OS or Product Mentioned,Present,Present,Present,Present,Present,Absent,Absent,Absent,Absent,Present,Absent,Present,Absent,Yes,No,No,Yes,No,No
222,222,2022-36835,feedly.com,,https://feedly.com/cve/CVE-2022-36835,OS or Product Mentioned,Present,Present,Present,Present,Absent,Absent,Absent,Absent,Absent,Present,Absent,Absent,Present,Yes,No,No,No,No,No
223,223,2022-36835,vulners.com,,https://vulners.com/cve/CVE-2022-36835?utm_source=rss&utm_medium=rss&utm_campaign=rss&utm_source=feedly,OS or Product Mentioned,Present,Present,Present,Present,Absent,Absent,Absent,Absent,Absent,Present,Absent,Absent,Present,Yes,No,No,No,No,No
224,224,2021-43980,nvd.nist.gov,,https://nvd.nist.gov/vuln/detail/CVE-2021-43980,OS or Product Mentioned,Present,Present,Absent,Present,Present,Absent,Absent,Absent,Absent,Present,Absent,Absent,Present,Yes,No,No,No,No,No
225,225,2021-43980,openwall.com,,https://www.openwall.com/lists/oss-security/2022/09/28/1,OS or Product Mentioned,Present,Present,Absent,Absent,Absent,Absent,Absent,Absent,Absent,Present,Absent,Absent,Present,Yes,No,No,No,No,No
226,226,2021-43980,lists.apache.org,,https://lists.apache.org/thread/3jjqbsp6j88b198x5rmg99b1qr8ht3g3,OS or Product Mentioned,Present,Present,Absent,Absent,Absent,Absent,Absent,Absent,Absent,Present,Absent,Absent,Present,Yes,No,No,No,No,No
227,227,2021-43980,lists.debian.org,,https://lists.debian.org/debian-lts-announce/2022/10/msg00029.html,OS or Product Mentioned,Present,Present,Absent,Absent,Absent,Absent,Absent,Absent,Absent,Present,Absent,Absent,Absent,Yes,No,No,No,No,No
228,228,2021-43980,lists.debian.org,,https://lists.debian.org/debian-security-announce/2022/msg00235.html,OS or Product Mentioned,Present,Present,Absent,Absent,Absent,Absent,Absent,Absent,Absent,Present,Absent,Absent,Absent,Yes,No,No,No,No,No
229,229,2021-43980,access.redhat.com,,https://access.redhat.com/security/cve/cve-2021-43980,OS or Product Mentioned,Present,Present,Absent,Present,Present,Absent,Absent,Absent,Absent,Present,Absent,Absent,Present,Yes,No,No,No,No,No
230,230,2021-43980,cve.org,,https://www.cve.org/CVERecord?id=CVE-2021-43980,OS or Product Mentioned,Present,Present,Absent,Absent,Absent,Absent,Absent,Absent,Absent,Present,Absent,Absent,Present,Yes,No,No,No,No,No
231,231,2021-43980,tomcat.apache.org,,https://tomcat.apache.org/security-10.html,OS or Product Mentioned,Present,Present,Absent,Absent,Absent,Absent,Absent,Absent,Absent,Present,Absent,Absent,Absent,Yes,No,No,No,No,No
232,232,2021-43980,my.f5.com,,https://my.f5.com/manage/s/article/K41102235,OS or Product Mentioned,Present,Present,Absent,Absent,Absent,Absent,Absent,Absent,Absent,Present,Absent,Present,Present,Yes,No,No,Yes,No,No
233,233,2021-43980,suse.com,,https://www.suse.com/security/cve/CVE-2021-43980.html,OS or Product Mentioned,Present,Present,Absent,Present,Present,Absent,Absent,Absent,Absent,Present,Absent,Absent,Present,Yes,No,No,No,No,No
234,234,2021-43980,github.com,,https://github.com/advisories/GHSA-jx7c-7mj5-9438,OS or Product Mentioned,Present,Present,Absent,Present,Absent,Absent,Absent,Absent,Absent,Present,Absent,Absent,Present,Yes,No,No,No,No,No
235,235,2021-43980,lists.apache.org,,https://lists.apache.org/thread/9ylm11h0sgkcl1sj3kdbyp726cz3xjtx,OS or Product Mentioned,Present,Present,Absent,Absent,Absent,Absent,Absent,Absent,Absent,Present,Absent,Absent,Present,Yes,No,No,No,No,No
236,236,2021-43980,tomcat.apache.org,,https://tomcat.apache.org/security-9.html,OS or Product Mentioned,Present,Present,Absent,Absent,Absent,Absent,Absent,Absent,Absent,Present,Absent,Absent,Absent,Yes,No,No,No,No,No
237,237,2021-43980,tomcat.apache.org,,https://tomcat.apache.org/security-8.html,OS or Product Mentioned,Present,Present,Absent,Absent,Absent,Absent,Absent,Absent,Absent,Present,Absent,Absent,Absent,Yes,No,No,No,No,No
238,238,2021-43980,ibm.com,,https://www.ibm.com/support/pages/node/6831903,OS or Product Mentioned,Present,Present,Present,Present,Absent,Absent,Absent,Present,Absent,Present,Absent,Absent,Absent,Yes,No,No,No,No,No
239,239,2021-43980,exchange.xforce.ibmcloud.com,,https://exchange.xforce.ibmcloud.com/vulnerabilities/237447,OS or Product Mentioned,Present,Present,Present,Present,Absent,Absent,Absent,Absent,Absent,Present,Absent,Present,Absent,Yes,No,No,Yes,No,No
240,240,2021-43980,security.snyk.io,,https://security.snyk.io/vuln/SNYK-JAVA-ORGAPACHETOMCATEMBED-3035793,OS or Product Mentioned,Present,Present,Absent,Present,Absent,Absent,Absent,Absent,Absent,Present,Absent,Absent,Absent,Yes,No,No,No,No,No
241,241,2022-41962,nvd.nist.gov,,https://nvd.nist.gov/vuln/detail/CVE-2022-41962,OS or Product Mentioned,Present,Present,Present,Present,Present,Absent,Absent,Present,Absent,Present,Absent,Absent,Present,Yes,No,No,No,No,No
242,242,2022-41962,github.com,,https://github.com/bigbluebutton/bigbluebutton/releases/tag/v2.4-rc-6,OS or Product Mentioned,Present,Present,Absent,Absent,Absent,Absent,Absent,Absent,Absent,Present,Absent,Absent,Absent,Yes,No,No,No,No,No
243,243,2022-41962,github.com,,https://github.com/bigbluebutton/bigbluebutton/releases/tag/v2.5-alpha-1,OS or Product Mentioned,Present,Present,Absent,Absent,Absent,Absent,Absent,Absent,Absent,Present,Absent,Absent,Absent,Yes,No,No,No,No,No
244,244,2022-41962,github.com,,https://github.com/bigbluebutton/bigbluebutton/security/advisories/GHSA-88qf-33qm-9mm7,OS or Product Mentioned,Present,Present,Present,Present,Absent,Absent,Absent,Absent,Absent,Present,Absent,Absent,Absent,Yes,No,No,No,No,No
245,245,2022-41962,tenable.com,,https://www.tenable.com/cve/CVE-2022-41962,OS or Product Mentioned,Present,Present,Present,Present,Present,Absent,Absent,Present,Absent,Present,Absent,Absent,Present,Yes,No,No,No,No,No
246,246,2022-41962,opencve.io,,https://www.opencve.io/cve/CVE-2022-41962,OS or Product Mentioned,Present,Present,Present,Present,Absent,Absent,Absent,Present,Absent,Present,Absent,Absent,Present,Yes,No,No,No,No,No
247,247,2022-41962,cvedetails.com,,https://www.cvedetails.com/vulnerability-list/vendor_id-23257/product_id-83782/year-2022/Bigbluebutton-Bigbluebutton.html,OS or Product Mentioned,Present,Present,Present,Present,Absent,Absent,Absent,Present,Absent,Present,Absent,Absent,Present,Yes,No,No,No,No,No
248,248,2022-41962,cve.mitre.org,,https://cve.mitre.org/cgi-bin/cvename.cgi?name=CVE-2022-41962,OS or Product Mentioned,Present,Present,Present,Absent,Absent,Absent,Absent,Present,Absent,Present,Absent,Absent,Present,Yes,No,No,No,No,No
249,249,2022-41962,cvedetails.com,,https://www.cvedetails.com/cve/CVE-2022-41962/,OS or Product Mentioned,Present,Present,Present,Present,Present,Absent,Absent,Present,Absent,Present,Absent,Absent,Present,Yes,No,No,No,No,No
250,250,2022-20240,cve.mitre.org,,https://cve.mitre.org/cgi-bin/cvename.cgi?name=CVE-2022-20240,OS or Product Mentioned,Present,Present,Absent,Absent,Absent,Absent,Absent,Absent,Absent,Absent,Absent,Absent,Present,Yes,No,No,No,No,No
251,251,2022-20240,source.android.com,,https://source.android.com/docs/security/bulletin/2022-12-01,OS or Product Mentioned,Absent,Present,Present,Absent,Absent,Absent,Absent,Present,Absent,Present,Absent,Absent,Absent,No,No,No,No,No,No
252,252,2022-20240,nvd.nist.gov,,https://nvd.nist.gov/vuln/detail/CVE-2022-20240,OS or Product Mentioned,Present,Present,Absent,Present,Present,Absent,Absent,Absent,Absent,Absent,Absent,Absent,Present,Yes,No,No,No,No,No
253,253,2022-20240,vuldb.com,,https://vuldb.com/?id.215589,OS or Product Mentioned,Present,Present,Absent,Present,Present,Absent,Absent,Absent,Absent,Present,Absent,Absent,Absent,Yes,No,No,No,No,No
254,254,2022-20240,cvedetails.com,,https://www.cvedetails.com/cve/CVE-2022-20240/,OS or Product Mentioned,Present,Present,Absent,Present,Present,Absent,Absent,Absent,Absent,Absent,Absent,Absent,Present,Yes,No,No,No,No,No
255,255,2022-20240,cisecurity.org,,https://www.cisecurity.org/advisory/multiple-vulnerabilities-in-google-android-os-could-allow-for-arbitrary-code-execution_2022-138,OS or Product Mentioned,Absent,Present,Absent,Absent,Absent,Present,Absent,Absent,Absent,Present,Absent,Absent,Absent,No,No,No,No,No,No
256,256,2022-20240,hkcert.org,,https://www.hkcert.org/security-bulletin/android-multiple-vulnerabilities_20221207,OS or Product Mentioned,Absent,Present,Present,Absent,Absent,Absent,Absent,Present,Absent,Present,Present,Absent,Absent,No,No,No,No,No,No
257,257,2022-20251,vi.strobes.co,,https://vi.strobes.co/cve/CVE-2022-20251,OS or Product Mentioned,Present,Present,Absent,Present,Absent,Present,Absent,Absent,Absent,Present,Absent,Absent,Absent,Yes,No,No,No,No,No
258,258,2022-20251,source.android.com,,https://source.android.com/docs/security/bulletin/android-13,OS or Product Mentioned,Present,Present,Absent,Absent,Absent,Present,Absent,Absent,Absent,Present,Absent,Absent,Absent,Yes,No,No,No,No,No
259,259,2022-20251,vuldb.com,,https://vuldb.com/?id.206238,OS or Product Mentioned,Present,Present,Absent,Present,Present,Absent,Absent,Absent,Absent,Present,Absent,Absent,Absent,Yes,No,No,No,No,No
260,260,2022-20251,vulners.com,,https://vulners.com/cve/CVE-2022-20251,OS or Product Mentioned,Present,Present,Absent,Present,Absent,Absent,Absent,Absent,Absent,Absent,Absent,Absent,Absent,Yes,No,No,No,No,No
261,261,2022-20251,ocve.unihost.com,,https://ocve.unihost.com/cve/CVE-2022-20251,OS or Product Mentioned,Present,Present,Absent,Present,Absent,Absent,Absent,Absent,Absent,Absent,Absent,Absent,Absent,Yes,No,No,No,No,No
262,262,2022-20251,cve.mitre.org,,https://cve.mitre.org/cgi-bin/cvename.cgi?name=CVE-2022-20251,OS or Product Mentioned,Present,Present,Absent,Absent,Absent,Absent,Absent,Absent,Absent,Absent,Absent,Absent,Absent,Yes,No,No,No,No,No
263,263,2023-26084,nvd.nist.gov,,https://nvd.nist.gov/vuln/detail/CVE-2023-26084,OS or Product Mentioned,Present,Present,Absent,Present,Present,Absent,Absent,Absent,Absent,Present,Absent,Absent,Present,Yes,No,No,No,No,No
264,264,2023-26084,cve.org,,https://cve.org/CVERecord?id=CVE-2023-26084,OS or Product Mentioned,Present,Present,Absent,Absent,Absent,Absent,Absent,Absent,Absent,Present,Absent,Absent,Present,Yes,No,No,No,No,No
265,265,2023-26084,github.com,,https://github.com/ARM-software/AArch64cryptolib/security/advisories/GHSA-47c6-7x5x-r74g,OS or Product Mentioned,Present,Present,Present,Present,Absent,Absent,Absent,Absent,Absent,Present,Absent,Absent,Absent,Yes,No,No,No,No,No
266,266,2023-26084,akto.io,,https://www.akto.io/cves/CVE-2023-26084-the-armvdecaesgcmfull-api-of-arm-aarchcryptolib-before-c-fails-to,OS or Product Mentioned,Present,Present,Absent,Present,Present,Absent,Absent,Absent,Absent,Present,Absent,Absent,Present,Yes,No,No,No,No,No
267,267,2023-26084,tenable.com,,https://www.tenable.com/cve/CVE-2023-26084,OS or Product Mentioned,Present,Present,Absent,Present,Absent,Absent,Absent,Absent,Absent,Present,Absent,Absent,Present,Yes,No,No,No,No,No
268,268,2023-26084,vulners.com,,https://vulners.com/cve/CVE-2023-26084,OS or Product Mentioned,Present,Present,Absent,Present,Absent,Absent,Absent,Absent,Absent,Present,Absent,Absent,Present,Yes,No,No,No,No,No
269,269,2023-26084,v1.secalerts.co,,https://v1.secalerts.co/cve/CVE-2023-26084,OS or Product Mentioned,Present,Present,Absent,Absent,Absent,Absent,Absent,Absent,Absent,Present,Absent,Absent,Present,Yes,No,No,No,No,No
270,270,2022-20528,nvd.nist.gov,,https://nvd.nist.gov/vuln/detail/CVE-2022-20528,OS or Product Mentioned,Present,Present,Absent,Present,Present,Absent,Absent,Absent,Absent,Present,Absent,Absent,Present,Yes,No,No,No,No,No
271,271,2022-20528,cve.org,,https://www.cve.org/CVERecord?id=CVE-2022-20528,OS or Product Mentioned,Present,Present,Absent,Absent,Absent,Absent,Absent,Absent,Absent,Absent,Absent,Absent,Present,Yes,No,No,No,No,No
272,272,2022-20528,source.android.com,,https://source.android.com/docs/security/bulletin/pixel/2022-12-01,OS or Product Mentioned,Absent,Present,Absent,Absent,Absent,Absent,Absent,Absent,Absent,Present,Absent,Absent,Absent,No,No,No,No,No,No
273,273,2022-20528,avd.aquasec.com,,https://avd.aquasec.com/nvd/2022/cve-2022-20528/,OS or Product Mentioned,Present,Present,Absent,Present,Absent,Absent,Absent,Absent,Absent,Present,Absent,Absent,Present,Yes,No,No,No,No,No
274,274,2022-20528,vuldb.com,,https://vuldb.com/?id.216112,OS or Product Mentioned,Present,Present,Absent,Present,Present,Present,Absent,Absent,Absent,Present,Absent,Absent,Absent,Yes,No,No,No,No,No
275,275,2022-20528,opencve.io,,https://www.opencve.io/cve/CVE-2022-20528,OS or Product Mentioned,Present,Present,Absent,Present,Absent,Absent,Absent,Absent,Absent,Present,Absent,Absent,Present,Yes,No,No,No,No,No
276,276,2022-20528,github.com,,https://github.com/advisories/GHSA-jh5r-6pcq-w8hp,OS or Product Mentioned,Present,Present,Absent,Present,Absent,Absent,Absent,Absent,Absent,Present,Absent,Absent,Present,Yes,No,No,No,No,No
277,277,2022-20528,feedly.com,,https://feedly.com/cve/CVE-2022-20528,OS or Product Mentioned,Present,Present,Absent,Present,Absent,Absent,Absent,Absent,Absent,Present,Absent,Absent,Present,Yes,No,No,No,No,No
278,278,2022-3624,nvd.nist.gov,,https://nvd.nist.gov/vuln/detail/CVE-2022-3624,OS or Product Mentioned,Absent,Present,Absent,Present,Present,Absent,Absent,Absent,Absent,Present,Absent,Absent,Present,No,No,No,No,No,No
279,279,2022-3624,vuldb.com,,https://vuldb.com/?id.211928,OS or Product Mentioned,Absent,Present,Absent,Present,Present,Absent,Absent,Absent,Absent,Present,Absent,Absent,Absent,No,No,No,No,No,No
280,280,2022-3624,cve.org,,https://www.cve.org/CVERecord?id=CVE-2022-3624,OS or Product Mentioned,Absent,Present,Absent,Absent,Absent,Absent,Absent,Absent,Absent,Present,Absent,Absent,Present,No,No,No,No,No,No
281,281,2022-3624,access.redhat.com,,https://access.redhat.com/security/cve/cve-2022-3624,OS or Product Mentioned,Absent,Present,Present,Present,Absent,Absent,Absent,Present,Absent,Absent,Absent,Absent,Absent,No,No,No,No,No,No
282,282,2022-3624,suse.com,,https://www.suse.com/ko-kr/security/cve/CVE-2022-3624.html,OS or Product Mentioned,Absent,Present,Absent,Present,Absent,Absent,Absent,Absent,Absent,Present,Absent,Absent,Present,No,No,No,No,No,No
283,283,2022-3624,tenable.com,,https://www.tenable.com/cve/CVE-2022-3624,OS or Product Mentioned,Absent,Present,Absent,Present,Absent,Absent,Absent,Absent,Absent,Present,Absent,Absent,Present,No,No,No,No,No,No
284,284,2022-3624,bugzilla.redhat.com,,https://bugzilla.redhat.com/show_bug.cgi?id=CVE-2022-3624,OS or Product Mentioned,Present,Present,Absent,Absent,Absent,Absent,Absent,Absent,Absent,Present,Absent,Absent,Absent,Yes,No,No,No,No,No
285,285,2022-3624,cvedetails.com,,https://www.cvedetails.com/cve/CVE-2022-3624/,OS or Product Mentioned,Absent,Present,Absent,Present,Present,Absent,Absent,Absent,Absent,Present,Absent,Absent,Present,No,No,No,No,No,No
286,286,2022-34572,tenable.com,,https://www.tenable.com/cve/CVE-2022-34572,OS or Product Mentioned,Present,Present,Present,Present,Absent,Absent,Absent,Absent,Absent,Absent,Absent,Absent,Present,Yes,No,No,No,No,No
287,287,2022-34572,nvd.nist.gov,,https://nvd.nist.gov/vuln/detail/CVE-2022-34572,OS or Product Mentioned,Present,Present,Present,Present,Present,Absent,Absent,Absent,Absent,Absent,Absent,Absent,Present,Yes,No,No,No,No,No
288,288,2022-34572,vulners.com,,https://vulners.com/cve/CVE-2022-34572,OS or Product Mentioned,Present,Present,Present,Present,Absent,Absent,Absent,Absent,Absent,Absent,Absent,Absent,Present,Yes,No,No,No,No,No
289,289,2022-34572,vuldb.com,,https://vuldb.com/?id.205085,OS or Product Mentioned,Present,Present,Present,Present,Present,Absent,Absent,Absent,Absent,Present,Absent,Absent,Absent,Yes,No,No,No,No,No
290,290,2022-34572,feedly.com,,https://feedly.com/cve/CVE-2022-34572,OS or Product Mentioned,Present,Present,Present,Present,Absent,Absent,Present,Absent,Absent,Present,Absent,Absent,Present,Yes,No,No,No,No,No
291,291,2022-34572,github.com,,https://github.com/advisories/GHSA-rp6p-3xxg-pm7j,OS or Product Mentioned,Present,Present,Present,Present,Absent,Absent,Present,Absent,Absent,Absent,Absent,Absent,Present,Yes,No,No,No,No,No
292,292,2022-34572,cvedetails.com,,https://www.cvedetails.com/cve/CVE-2022-34572/,OS or Product Mentioned,Present,Present,Present,Present,Present,Absent,Present,Absent,Absent,Absent,Absent,Absent,Present,Yes,No,No,No,No,No
293,293,2022-34572,cvevulnerability.com,,https://www.cvevulnerability.com/cve_vulnerabilities/cve-2022-34572/,OS or Product Mentioned,Present,Present,Present,Present,Absent,Absent,Present,Absent,Absent,Absent,Absent,Absent,Present,Yes,No,No,No,No,No
294,294,2022-35465,nvd.nist.gov,,https://nvd.nist.gov/vuln/detail/CVE-2022-35465,OS or Product Mentioned,Present,Present,Absent,Present,Present,Absent,Present,Absent,Absent,Absent,Absent,Absent,Present,Yes,No,No,No,No,No
295,295,2022-35465,cve.org,,https://cve.org/CVERecord?id=CVE-2022-35465,OS or Product Mentioned,Present,Present,Absent,Absent,Absent,Absent,Absent,Absent,Absent,Absent,Absent,Absent,Present,Yes,No,No,No,No,No
296,296,2022-35465,security-tracker.debian.org,,https://security-tracker.debian.org/tracker/CVE-2022-35465,OS or Product Mentioned,Present,Present,Absent,Absent,Absent,Absent,Absent,Absent,Absent,Absent,Absent,Absent,Present,Yes,No,No,No,No,No
297,297,2022-35465,security-database.com,,https://www.security-database.com/detail.php?alert=CVE-2022-35465,OS or Product Mentioned,Present,Present,Absent,Present,Absent,Absent,Absent,Absent,Absent,Absent,Absent,Absent,Present,Yes,No,No,No,No,No
298,298,2022-35465,feedly.com,,https://feedly.com/cve/CVE-2022-35465,OS or Product Mentioned,Present,Present,Absent,Present,Absent,Absent,Present,Absent,Absent,Absent,Absent,Absent,Present,Yes,No,No,No,No,No
299,299,2022-35465,vi.strobes.co,,https://vi.strobes.co/cve/CVE-2022-35465,OS or Product Mentioned,Present,Present,Absent,Present,Absent,Absent,Present,Absent,Absent,Absent,Absent,Absent,Present,Yes,No,No,No,No,No
300,300,2022-35465,vulners.com,,https://vulners.com/osv/OSV:CVE-2022-35465,OS or Product Mentioned,Present,Present,Absent,Present,Absent,Absent,Present,Absent,Absent,Absent,Absent,Absent,Present,Yes,No,No,No,No,No
301,301,2022-35465,cvedetails.com,,https://www.cvedetails.com/cve/CVE-2022-35465/,OS or Product Mentioned,Present,Present,Absent,Present,Present,Absent,Present,Absent,Absent,Absent,Absent,Absent,Present,Yes,No,No,No,No,No
302,302,2022-34093,nvd.nist.gov,,https://nvd.nist.gov/vuln/detail/CVE-2022-34093,OS or Product Mentioned,Present,Present,Absent,Present,Present,Absent,Present,Absent,Absent,Absent,Absent,Absent,Present,Yes,No,No,No,No,No
303,303,2022-34093,cve.org,,https://cve.org/CVERecord?id=CVE-2022-34093,OS or Product Mentioned,Present,Present,Absent,Absent,Absent,Absent,Absent,Absent,Absent,Absent,Absent,Absent,Present,Yes,No,No,No,No,No
304,304,2022-34093,avd.aquasec.com,,https://avd.aquasec.com/nvd/2022/cve-2022-34093/,OS or Product Mentioned,Present,Present,Present,Present,Absent,Absent,Absent,Absent,Absent,Absent,Present,Absent,Present,Yes,No,No,No,No,No
305,305,2022-34093,tenable.com,,https://www.tenable.com/cve/CVE-2022-34093,OS or Product Mentioned,Present,Present,Absent,Present,Absent,Absent,Absent,Absent,Absent,Absent,Absent,Absent,Present,Yes,No,No,No,No,No
306,306,2022-34093,security-database.com,,https://www.security-database.com/detail.php?alert=CVE-2022-34093,OS or Product Mentioned,Present,Present,Absent,Present,Absent,Absent,Absent,Absent,Absent,Absent,Absent,Absent,Present,Yes,No,No,No,No,No
307,307,2022-34093,vicarius.io,,https://www.vicarius.io/research-center/vulnerability/cve-2022-34093-id304992,OS or Product Mentioned,Present,Present,Absent,Present,Absent,Absent,Absent,Absent,Absent,Absent,Absent,Absent,Present,Yes,No,No,No,No,No
308,308,2022-34093,vuldb.com,,https://vuldb.com/?id.203912,OS or Product Mentioned,Present,Present,Absent,Present,Present,Present,Absent,Absent,Absent,Absent,Absent,Absent,Absent,Yes,No,No,No,No,No
309,309,2022-34093,feedly.com,,https://feedly.com/cve/CVE-2022-34093,OS or Product Mentioned,Present,Present,Absent,Present,Absent,Absent,Present,Absent,Absent,Absent,Absent,Absent,Present,Yes,No,No,No,No,No
310,310,2022-28854,nvd.nist.gov,,https://nvd.nist.gov/vuln/detail/CVE-2022-28854,OS or Product Mentioned,Present,Present,Present,Present,Present,Absent,Absent,Present,Absent,Present,Absent,Absent,Present,Yes,No,No,No,No,No
311,311,2022-28854,helpx.adobe.com,,https://helpx.adobe.com/security/products/indesign/apsb22-50.html,OS or Product Mentioned,Present,Present,Present,Absent,Absent,Absent,Absent,Present,Absent,Present,Absent,Absent,Present,Yes,No,No,No,No,No
312,312,2022-28854,cve.org,,https://cve.org/CVERecord?id=CVE-2022-28854,OS or Product Mentioned,Present,Present,Absent,Absent,Absent,Absent,Absent,Present,Absent,Present,Absent,Absent,Present,Yes,No,No,No,No,No
313,313,2022-28854,fortiguard.com,,https://www.fortiguard.com/zeroday/FG-VD-22-075,OS or Product Mentioned,Present,Present,Absent,Absent,Absent,Absent,Absent,Absent,Absent,Present,Absent,Absent,Absent,Yes,No,No,No,No,No
314,314,2022-28854,tenable.com,,https://www.tenable.com/cve/CVE-2022-28854,OS or Product Mentioned,Present,Present,Present,Present,Absent,Absent,Absent,Absent,Absent,Present,Absent,Absent,Present,Yes,No,No,No,No,No
315,315,2022-28854,fortiguard.com,,https://www.fortiguard.com/encyclopedia/ips/52037,OS or Product Mentioned,Present,Present,Present,Absent,Absent,Absent,Present,Present,Absent,Present,Absent,Absent,Absent,Yes,No,No,No,No,No
316,316,2022-28854,its.ny.gov,,https://its.ny.gov/2022-114,OS or Product Mentioned,Present,Present,Present,Absent,Absent,Absent,Present,Absent,Absent,Present,Absent,Absent,Absent,Yes,No,No,No,No,No
317,317,2015-10089,vuldb.com,,https://vuldb.com/?id.222291,OS or Product Mentioned,Absent,Present,Absent,Present,Present,Absent,Present,Absent,Absent,Present,Absent,Absent,Absent,No,No,No,No,No,No
318,318,2015-10089,tenable.com,,https://www.tenable.com/cve/CVE-2015-10089,OS or Product Mentioned,Present,Present,Absent,Present,Absent,Absent,Absent,Present,Absent,Present,Absent,Absent,Present,Yes,No,No,No,No,No
319,319,2015-10089,cyber.vumetric.com,,https://cyber.vumetric.com/vulns/CVE-2015-10089/cross-site-scripting-vulnerability-in-flame-js-project-flame-js/,OS or Product Mentioned,Present,Present,Absent,Present,Absent,Absent,Absent,Present,Absent,Present,Absent,Absent,Present,Yes,No,No,No,No,No
320,320,2015-10089,nvd.nist.gov,,https://nvd.nist.gov/vuln/detail/CVE-2015-10089,OS or Product Mentioned,Present,Present,Absent,Present,Present,Absent,Absent,Present,Absent,Present,Absent,Absent,Present,Yes,No,No,No,No,No
321,321,2015-10089,cve.org,,https://www.cve.org/CVERecord?id=CVE-2015-10089,OS or Product Mentioned,Present,Present,Absent,Absent,Absent,Absent,Absent,Present,Absent,Present,Absent,Absent,Present,Yes,No,No,No,No,No
322,322,2015-10089,cvedetails.com,,https://www.cvedetails.com/cve/CVE-2015-10089/,OS or Product Mentioned,Present,Present,Absent,Present,Present,Absent,Absent,Present,Absent,Present,Absent,Absent,Present,Yes,No,No,No,No,No
323,323,2015-10089,vulners.com,,https://vulners.com/prion/PRION:CVE-2015-10089,OS or Product Mentioned,Present,Present,Absent,Present,Absent,Absent,Absent,Present,Absent,Present,Absent,Absent,Present,Yes,No,No,No,No,No
324,324,2015-10089,linkedin.com,,https://www.linkedin.com/posts/dmfezzareed_new-vulnerability-information-from-nvd-activity-7038163965947899904-yOe_,OS or Product Mentioned,Present,Present,Absent,Absent,Absent,Absent,Absent,Present,Absent,Present,Absent,Absent,Present,Yes,No,No,No,No,No
325,325,2021-4253,nvd.nist.gov,,https://nvd.nist.gov/vuln/detail/CVE-2021-4253,OS or Product Mentioned,Absent,Present,Absent,Present,Present,Absent,Absent,Present,Absent,Present,Absent,Absent,Present,No,No,No,No,No,No
326,326,2021-4253,cve.org,,https://www.cve.org/CVERecord?id=CVE-2021-4253,OS or Product Mentioned,Absent,Present,Absent,Absent,Absent,Absent,Absent,Present,Absent,Present,Absent,Absent,Present,No,No,No,No,No,No
327,327,2021-4253,vuldb.com,,https://vuldb.com/?id.216210,OS or Product Mentioned,Absent,Present,Absent,Present,Present,Present,Absent,Absent,Absent,Present,Absent,Absent,Absent,No,No,No,No,No,No
328,328,2021-4253,debricked.com,,https://debricked.com/vulnerability-database/vulnerability/CVE-2021-4253,OS or Product Mentioned,Absent,Present,Absent,Present,Absent,Absent,Absent,Present,Absent,Present,Absent,Present,Present,No,No,No,Yes,No,No
329,329,2021-4253,github.com,,https://github.com/advisories/GHSA-qqw2-fgff-h6h4,OS or Product Mentioned,Absent,Present,Absent,Present,Absent,Absent,Absent,Present,Absent,Present,Absent,Absent,Present,No,No,No,No,No,No
330,330,2021-4253,cyber.vumetric.com,,https://cyber.vumetric.com/vulns/CVE-2021-4253/improper-enforcement-of-message-or-data-structure-vulnerability-in-ctrlo-lenio/,OS or Product Mentioned,Absent,Present,Absent,Present,Absent,Absent,Absent,Present,Absent,Present,Absent,Absent,Present,No,No,No,No,No,No
331,331,2022-32838,nvd.nist.gov,,https://nvd.nist.gov/vuln/detail/CVE-2022-32838,OS or Product Mentioned,Present,Present,Absent,Present,Present,Absent,Absent,Absent,Absent,Present,Absent,Absent,Present,Yes,No,No,No,No,No
332,332,2022-32838,cve.org,,https://www.cve.org/CVERecord?id=CVE-2022-32838,OS or Product Mentioned,Present,Present,Absent,Present,Absent,Absent,Absent,Absent,Absent,Present,Absent,Absent,Present,Yes,No,No,No,No,No
333,333,2022-32838,support.apple.com,,https://support.apple.com/en-us/HT213345,OS or Product Mentioned,Absent,Present,Absent,Absent,Absent,Absent,Absent,Absent,Absent,Present,Absent,Absent,Absent,No,No,No,No,No,No
334,334,2022-32838,support.apple.com,,https://support.apple.com/en-us/102892,OS or Product Mentioned,Absent,Present,Absent,Absent,Absent,Absent,Absent,Absent,Absent,Present,Absent,Absent,Absent,No,No,No,No,No,No
335,335,2022-32838,support.apple.com,,https://support.apple.com/en-us/102872,OS or Product Mentioned,Absent,Present,Absent,Absent,Absent,Absent,Absent,Absent,Absent,Present,Absent,Absent,Absent,No,No,No,No,No,No
336,336,2022-32838,support.apple.com,,https://support.apple.com/en-us/102769,OS or Product Mentioned,Absent,Present,Absent,Absent,Absent,Absent,Absent,Absent,Absent,Present,Absent,Absent,Absent,No,No,No,No,No,No
337,337,2022-32838,tenable.com,,https://www.tenable.com/cve/CVE-2022-32838,OS or Product Mentioned,Absent,Present,Absent,Present,Absent,Absent,Absent,Absent,Absent,Present,Absent,Absent,Present,No,No,No,No,No,No
338,338,2022-32838,vuldb.com,,https://vuldb.com/?id.204893,OS or Product Mentioned,Absent,Present,Absent,Present,Present,Absent,Absent,Absent,Absent,Present,Absent,Absent,Absent,No,No,No,No,No,No
339,339,2022-32838,cvedetails.com,,https://www.cvedetails.com/cve/CVE-2022-32838/,OS or Product Mentioned,Present,Present,Absent,Present,Present,Absent,Absent,Absent,Absent,Present,Absent,Absent,Present,Yes,No,No,No,No,No
340,340,2022-2101,nvd.nist.gov,,https://nvd.nist.gov/vuln/detail/CVE-2022-2101,OS or Product Mentioned,Present,Present,Present,Present,Present,Absent,Present,Absent,Absent,Present,Absent,Absent,Present,Yes,No,No,No,No,No
341,341,2022-2101,packetstormsecurity.com,,https://packetstormsecurity.com/files/167573/,OS or Product Mentioned,Present,Present,Absent,Absent,Absent,Absent,Present,Absent,Absent,Present,Absent,Absent,Absent,Yes,No,No,No,No,No
342,342,2022-2101,wordfence.com,,https://www.wordfence.com/threat-intel/vulnerabilities/wordpress-plugins/download-manager/download-manager-3246-contributor-cross-site-scripting,OS or Product Mentioned,Present,Present,Present,Present,Absent,Absent,Absent,Absent,Absent,Present,Absent,Absent,Present,Yes,No,No,No,No,No
343,343,2022-2101,wordfence.com,,https://www.wordfence.com/vulnerability-advisories/#CVE-2022-2101,OS or Product Mentioned,Present,Present,Present,Present,Absent,Absent,Absent,Absent,Absent,Present,Absent,Absent,Present,Yes,No,No,No,No,No
344,344,2022-2101,cve.mitre.org,,https://cve.mitre.org/cgi-bin/cvename.cgi?name=CVE-2022-2101,OS or Product Mentioned,Present,Present,Present,Absent,Absent,Absent,Absent,Absent,Absent,Present,Absent,Absent,Present,Yes,No,No,No,No,No
345,345,2022-2101,tenable.com,,https://www.tenable.com/cve/CVE-2022-2101,OS or Product Mentioned,Present,Present,Present,Present,Absent,Absent,Absent,Absent,Absent,Present,Absent,Absent,Present,Yes,No,No,No,No,No
346,346,2022-2101,wpscan.com,,https://wpscan.com/vulnerability/68d7e132-bb8c-4e83-b8aa-39067fbd638e/,OS or Product Mentioned,Present,Present,Present,Present,Absent,Absent,Absent,Absent,Absent,Present,Absent,Absent,Absent,Yes,No,No,No,No,No
347,347,2022-2101,github.com,,https://github.com/advisories/GHSA-gjv4-fmq6-6x2x,OS or Product Mentioned,Present,Present,Present,Present,Absent,Absent,Absent,Absent,Absent,Present,Absent,Absent,Present,Yes,No,No,No,No,No
348,348,2023-21419,nvd.nist.gov,,https://nvd.nist.gov/vuln/detail/CVE-2023-21419,OS or Product Mentioned,Present,Present,Absent,Present,Present,Absent,Absent,Absent,Absent,Present,Absent,Absent,Present,Yes,No,No,No,No,No
349,349,2023-21419,cve.org,,https://www.cve.org/CVERecord?id=CVE-2023-21419,OS or Product Mentioned,Present,Present,Absent,Absent,Absent,Absent,Absent,Absent,Absent,Present,Absent,Absent,Present,Yes,No,No,No,No,No
350,350,2023-21419,security.samsungmobile.com,,https://security.samsungmobile.com/securityUpdate.smsb?year=2023&month=01,OS or Product Mentioned,Present,Present,Absent,Absent,Absent,Absent,Absent,Absent,Absent,Present,Absent,Absent,Present,Yes,No,No,No,No,No
351,351,2023-21419,cvedetails.com,,https://www.cvedetails.com/cve/CVE-2023-21419/,OS or Product Mentioned,Present,Present,Absent,Present,Present,Absent,Absent,Absent,Absent,Present,Absent,Absent,Present,Yes,No,No,No,No,No
352,352,2023-21419,tenable.com,,https://www.tenable.com/cve/CVE-2023-21419,OS or Product Mentioned,Present,Present,Absent,Present,Absent,Absent,Absent,Absent,Absent,Present,Absent,Absent,Present,Yes,No,No,No,No,No
353,353,2023-21419,vulners.com,,https://vulners.com/cve/CVE-2023-21419,OS or Product Mentioned,Present,Present,Absent,Present,Absent,Absent,Absent,Absent,Absent,Present,Absent,Absent,Present,Yes,No,No,No,No,No
354,354,2022-32790,nvd.nist.gov,,https://nvd.nist.gov/vuln/detail/CVE-2022-32790,OS or Product Mentioned,Present,Absent,Present,Present,Present,Absent,Absent,Present,Absent,Present,Absent,Absent,Present,No,No,No,No,No,No
355,355,2022-32790,cve.org,,https://www.cve.org/CVERecord?id=CVE-2022-32790,OS or Product Mentioned,Present,Absent,Present,Absent,Absent,Absent,Absent,Present,Absent,Present,Absent,Absent,Present,No,No,No,No,No,No
356,356,2022-32790,support.apple.com,,https://support.apple.com/en-us/102759,OS or Product Mentioned,Present,Absent,Present,Absent,Absent,Absent,Absent,Present,Absent,Present,Absent,Absent,Absent,No,No,No,No,No,No
357,357,2022-32790,support.apple.com,,https://support.apple.com/en-us/HT213254,OS or Product Mentioned,Present,Absent,Present,Absent,Absent,Absent,Absent,Present,Absent,Present,Absent,Absent,Absent,No,No,No,No,No,No
358,358,2022-32790,support.apple.com,,https://support.apple.com/en-us/HT213255,OS or Product Mentioned,Present,Absent,Present,Absent,Absent,Absent,Absent,Present,Absent,Present,Absent,Absent,Absent,No,No,No,No,No,No
359,359,2022-32790,support.apple.com,,https://support.apple.com/en-us/HT213256,OS or Product Mentioned,Present,Absent,Present,Absent,Absent,Absent,Absent,Present,Absent,Present,Absent,Absent,Absent,No,No,No,No,No,No
360,360,2022-32790,support.apple.com,,https://support.apple.com/en-us/HT213257,OS or Product Mentioned,Present,Absent,Present,Absent,Absent,Absent,Absent,Present,Absent,Present,Absent,Absent,Absent,No,No,No,No,No,No
361,361,2022-32790,support.apple.com,,https://support.apple.com/en-us/HT213258,OS or Product Mentioned,Present,Absent,Present,Absent,Absent,Absent,Absent,Present,Absent,Present,Absent,Absent,Absent,No,No,No,No,No,No
362,362,2022-32790,tenable.com,,https://www.tenable.com/cve/CVE-2022-32790,OS or Product Mentioned,Absent,Absent,Present,Present,Absent,Absent,Absent,Present,Absent,Present,Absent,Absent,Present,No,No,No,No,No,No
363,363,2022-32790,cve.circl.lu,,https://cve.circl.lu/cve/CVE-2022-32790,OS or Product Mentioned,Present,Absent,Present,Present,Absent,Absent,Absent,Present,Absent,Present,Absent,Absent,Present,No,No,No,No,No,No
364,364,2022-32790,cvedetails.com,,https://www.cvedetails.com/vulnerability-list/vendor_id-49/product_id-156/cvssscoremin-7/cvssscoremax-7.99/Apple-Mac-Os-X.html,OS or Product Mentioned,Absent,Absent,Present,Present,Absent,Absent,Absent,Present,Absent,Present,Absent,Absent,Present,No,No,No,No,No,No
365,365,2022-32790,feedly.com,,https://feedly.com/cve/CVE-2022-32790,OS or Product Mentioned,Present,Present,Present,Present,Absent,Absent,Absent,Present,Absent,Present,Absent,Absent,Present,Yes,No,No,No,No,No
366,366,2022-36526,nvd.nist.gov,,https://nvd.nist.gov/vuln/detail/CVE-2022-36526,OS or Product Mentioned,Present,Present,Absent,Present,Present,Absent,Absent,Absent,Absent,Absent,Absent,Absent,Present,Yes,No,No,No,No,No
367,367,2022-36526,cve.org,,https://www.cve.org/CVERecord?id=CVE-2022-36526,OS or Product Mentioned,Absent,Present,Absent,Absent,Absent,Absent,Absent,Absent,Absent,Absent,Absent,Absent,Present,No,No,No,No,No,No
368,368,2022-36526,tenable.com,,https://www.tenable.com/cve/CVE-2022-36526,OS or Product Mentioned,Absent,Present,Absent,Present,Absent,Absent,Absent,Absent,Absent,Absent,Absent,Absent,Present,No,No,No,No,No,No
369,369,2022-36526,github.com,,https://github.com/advisories/GHSA-v7c2-228v-f9w6,OS or Product Mentioned,Absent,Present,Absent,Present,Absent,Absent,Absent,Absent,Absent,Absent,Absent,Absent,Present,No,No,No,No,No,No
370,370,2022-36526,vuldb.com,,https://vuldb.com/?id.206483,OS or Product Mentioned,Absent,Present,Absent,Present,Present,Absent,Present,Absent,Absent,Absent,Absent,Absent,Absent,No,No,No,No,No,No
371,371,2022-36526,security-database.com,,https://www.security-database.com/detail.php?alert=CVE-2022-36526,OS or Product Mentioned,Absent,Present,Absent,Present,Absent,Absent,Absent,Absent,Absent,Absent,Absent,Absent,Present,No,No,No,No,No,No
372,372,2022-36526,api-security.blog,,https://api-security.blog/2022/08/15/cve-2022-36526/,OS or Product Mentioned,Absent,Present,Absent,Absent,Absent,Absent,Absent,Absent,Absent,Absent,Absent,Absent,Present,No,No,No,No,No,No
373,373,2022-45313,nvd.nist.gov,,https://nvd.nist.gov/vuln/detail/CVE-2022-45313,OS or Product Mentioned,Present,Present,Present,Present,Present,Absent,Present,Absent,Absent,Present,Absent,Absent,Present,Yes,No,No,No,No,No
374,374,2022-45313,cve.org,,https://www.cve.org/CVERecord?id=CVE-2022-45313,OS or Product Mentioned,Present,Present,Present,Absent,Absent,Absent,Absent,Absent,Absent,Present,Absent,Absent,Present,Yes,No,No,No,No,No
375,375,2022-45313,github.com,,https://github.com/cq674350529/pocs_slides/blob/master/advisory/MikroTik/CVE-2022-45313/README.md,OS or Product Mentioned,Present,Present,Present,Absent,Absent,Absent,Present,Absent,Absent,Present,Absent,Absent,Absent,Yes,No,No,No,No,No
376,376,2022-45313,feedly.com,,https://feedly.com/cve/CVE-2022-45313,OS or Product Mentioned,Present,Present,Present,Present,Absent,Absent,Present,Absent,Absent,Present,Absent,Absent,Present,Yes,No,No,No,No,No
377,377,2022-45313,opencve.io,,https://www.opencve.io/cve/CVE-2022-45313,OS or Product Mentioned,Present,Present,Present,Present,Absent,Absent,Present,Absent,Absent,Present,Absent,Absent,Present,Yes,No,No,No,No,No
378,378,2022-45313,tenable.com,,https://www.tenable.com/plugins/ot/502021,OS or Product Mentioned,Present,Present,Present,Present,Absent,Absent,Present,Absent,Absent,Present,Absent,Absent,Present,Yes,No,No,No,No,No
379,379,2022-45313,github.com,,https://github.com/advisories/GHSA-594p-57w5-rx5h,OS or Product Mentioned,Present,Present,Present,Present,Absent,Absent,Absent,Absent,Absent,Present,Absent,Absent,Present,Yes,No,No,No,No,No
380,380,2022-45313,vulners.com,,https://vulners.com/nessus/TENABLE_OT_MIKROTIK_CVE-2022-45313.NASL,OS or Product Mentioned,Present,Present,Present,Absent,Absent,Absent,Present,Absent,Absent,Present,Absent,Absent,Present,Yes,No,No,No,No,No
381,381,2022-45313,cvedetails.com,,https://www.cvedetails.com/vulnerability-list/vendor_id-12508/opec-1/Mikrotik.html,OS or Product Mentioned,Present,Present,Present,Present,Absent,Absent,Absent,Absent,Absent,Present,Absent,Absent,Present,Yes,No,No,No,No,No
382,382,2023-21433,bleepingcomputer.com,,https://www.bleepingcomputer.com/news/security/exploits-released-for-two-samsung-galaxy-app-store-vulnerabilities/,OS or Product Mentioned,Present,Present,Present,Absent,Absent,Absent,Present,Present,Absent,Present,Absent,Absent,Absent,Yes,No,No,No,No,No
383,383,2023-21433,research.nccgroup.com,,https://research.nccgroup.com/2023/01/20/technical-advisory-multiple-vulnerabilities-in-the-galaxy-app-store-cve-2023-21433-cve-2023-21434/,OS or Product Mentioned,Present,Present,Present,Absent,Absent,Absent,Present,Present,Absent,Present,Absent,Absent,Absent,Yes,No,No,No,No,No
384,384,2023-21433,cvedetails.com,,https://www.cvedetails.com/cve/CVE-2023-21433,OS or Product Mentioned,Present,Present,Present,Present,Present,Absent,Absent,Absent,Absent,Present,Absent,Absent,Absent,Yes,No,No,No,No,No
385,385,2023-21433,nvd.nist.gov,,https://nvd.nist.gov/vuln/detail/CVE-2023-21433,OS or Product Mentioned,Present,Present,Present,Present,Present,Absent,Absent,Present,Absent,Present,Absent,Absent,Present,Yes,No,No,No,No,No
386,386,2023-21433,cve.org,,https://www.cve.org/CVERecord?id=CVE-2023-21433,OS or Product Mentioned,Present,Present,Present,Absent,Absent,Absent,Absent,Present,Absent,Present,Absent,Absent,Present,Yes,No,No,No,No,No
387,387,2023-21433,security.samsungmobile.com,,https://security.samsungmobile.com/serviceWeb.smsb?year=2023&month=01,OS or Product Mentioned,Present,Present,Present,Absent,Absent,Absent,Absent,Present,Absent,Present,Absent,Absent,Present,Yes,No,No,No,No,No
388,388,2023-21433,cve.mitre.org,,https://cve.mitre.org/cgi-bin/cvename.cgi?name=2023-21433,OS or Product Mentioned,Present,Present,Present,Absent,Absent,Absent,Absent,Present,Absent,Present,Absent,Absent,Present,Yes,No,No,No,No,No
389,389,2023-21433,tenable.com,,https://www.tenable.com/cve/CVE-2023-21433,OS or Product Mentioned,Present,Present,Present,Present,Absent,Absent,Absent,Present,Absent,Present,Absent,Absent,Present,Yes,No,No,No,No,No
390,390,2023-21433,github.com,,https://github.com/advisories/GHSA-vpq4-pwc4-5j28,OS or Product Mentioned,Present,Present,Present,Present,Absent,Absent,Absent,Present,Absent,Present,Absent,Absent,Present,Yes,No,No,No,No,No
391,391,2023-21433,vuldb.com,,https://vuldb.com/?id.220531,OS or Product Mentioned,Present,Present,Present,Present,Absent,Absent,Present,Present,Absent,Present,Absent,Absent,Absent,Yes,No,No,No,No,No
392,392,2023-21433,vulmon.com,,https://vulmon.com/vulnerabilitydetails?qid=CVE-2023-21433&scoretype=cvssv3,OS or Product Mentioned,Present,Present,Present,Present,Absent,Absent,Absent,Present,Absent,Present,Absent,Absent,Present,Yes,No,No,No,No,No
393,393,2023-21433,dayzerosec.com,,https://dayzerosec.com/vulns/2023/01/23/multiple-vulnerabilities-in-the-galaxy-app-store-cve-2023-21433-cve-2023-21434.html,OS or Product Mentioned,Absent,Present,Present,Absent,Absent,Absent,Absent,Absent,Absent,Absent,Absent,Absent,Absent,No,No,No,No,No,No
394,394,2023-21433,opencve.io,,https://www.opencve.io/cve?vendor=samsung&product=galaxy_store,OS or Product Mentioned,Present,Present,Present,Present,Absent,Absent,Absent,Present,Absent,Present,Absent,Absent,Present,Yes,No,No,No,No,No
395,395,2023-21433,thehackernews.com,,https://thehackernews.com/2023/01/samsung-galaxy-store-app-found.html,OS or Product Mentioned,Present,Present,Present,Absent,Absent,Absent,Absent,Absent,Absent,Present,Absent,Absent,Absent,Yes,No,No,No,No,No
396,396,2023-24530,nvd.nist.gov,,https://nvd.nist.gov/vuln/detail/CVE-2023-24530,OS or Product Mentioned,Present,Present,Present,Present,Present,Absent,Absent,Absent,Absent,Absent,Absent,Absent,Present,Yes,No,No,No,No,No
397,397,2023-24530,cve.org,,https://www.cve.org/CVERecord?id=CVE-2023-24530,OS or Product Mentioned,Present,Present,Present,Absent,Absent,Absent,Absent,Absent,Absent,Absent,Absent,Absent,Present,Yes,No,No,No,No,No
398,398,2023-24530,avd.aquasec.com,,https://avd.aquasec.com/nvd/2023/cve-2023-24530/,OS or Product Mentioned,Present,Present,Present,Present,Present,Absent,Absent,Absent,Absent,Absent,Present,Absent,Present,Yes,No,No,No,No,No
399,399,2023-24530,cvedetails.com,,https://www.cvedetails.com/cve/CVE-2023-24530/,OS or Product Mentioned,Present,Present,Present,Present,Present,Absent,Absent,Absent,Absent,Absent,Absent,Absent,Present,Yes,No,No,No,No,No
400,400,2023-24530,tenable.com,,https://www.tenable.com/cve/CVE-2023-24530,OS or Product Mentioned,Present,Present,Present,Present,Present,Absent,Absent,Absent,Absent,Absent,Absent,Absent,Present,Yes,No,No,No,No,No
401,401,2023-24530,feedly.com,,https://feedly.com/cve/CVE-2023-24530,OS or Product Mentioned,Present,Present,Present,Present,Absent,Absent,Absent,Absent,Absent,Present,Absent,Absent,Present,Yes,No,No,No,No,No
402,402,2022-4687,nvd.nist.gov,,https://nvd.nist.gov/vuln/detail/CVE-2022-4687,OS or Product Mentioned,Present,Absent,Absent,Present,Present,Absent,Present,Absent,Absent,Present,Absent,Absent,Present,No,No,No,No,No,No
403,403,2022-4687,cve.org,,https://www.cve.org/CVERecord?id=CVE-2022-4687,OS or Product Mentioned,Present,Absent,Absent,Absent,Absent,Absent,Absent,Absent,Absent,Present,Absent,Absent,Present,No,No,No,No,No,No
404,404,2022-4687,huntr.com,,https://huntr.com/bounties/b908377f-a61b-432c-8e6a-c7498da69788,OS or Product Mentioned,Present,Present,Present,Present,Absent,Present,Present,Present,Absent,Present,Absent,Absent,Absent,Yes,Yes,No,No,No,No
405,405,2022-4687,avd.aquasec.com,,https://avd.aquasec.com/nvd/2022/cve-2022-4687/,OS or Product Mentioned,Present,Present,Absent,Present,Present,Absent,Absent,Absent,Absent,Present,Absent,Absent,Present,Yes,No,No,No,No,No
406,406,2022-4687,security-tracker.debian.org,,https://security-tracker.debian.org/tracker/CVE-2022-4687,OS or Product Mentioned,Present,Absent,Absent,Absent,Absent,Absent,Absent,Absent,Absent,Present,Absent,Absent,Present,No,No,No,No,No,No
407,407,2022-4687,vuldb.com,,https://vuldb.com/?id.216671,OS or Product Mentioned,Present,Present,Present,Present,Absent,Absent,Present,Present,Absent,Present,Absent,Absent,Absent,Yes,No,No,No,No,No
408,408,2022-4687,cxsecurity.com,,https://cxsecurity.com/cveshow/CVE-2022-4687/,OS or Product Mentioned,Present,Absent,Absent,Absent,Absent,Absent,Absent,Absent,Absent,Present,Absent,Absent,Present,No,No,No,No,No,No
409,409,2022-4687,security.snyk.io,,https://security.snyk.io/vuln/SNYK-GOLANG-GITHUBCOMUSEMEMOSMEMOSAPI-3180519,OS or Product Mentioned,Present,Present,Present,Present,Present,Absent,Absent,Absent,Absent,Present,Absent,Absent,Absent,Yes,No,No,No,No,No
410,410,2022-4687,nvd.nist.gov,,https://nvd.nist.gov/vuln/detail/CVE-2022-4687,OS or Product Mentioned,Present,Absent,Absent,Present,Present,Absent,Absent,Absent,Absent,Present,Absent,Absent,Present,No,No,No,No,No,No
411,411,2022-4687,reddit.com,,https://www.reddit.com/r/netcve/comments/ztfk7r/cve20224687/,Absent,Absent,Absent,Absent,Present,Present,Absent,Absent,Absent,Absent,Absent,Absent,Absent,Absent,No,No,No,No,No,No
412,412,2022-4687,go.dhs.gov,,https://go.dhs.gov/ZLN,OS or Product Mentioned,Present,Absent,Absent,Present,Present,Absent,Absent,Absent,Absent,Present,Absent,Absent,Present,No,No,No,No,No,No
413,413,2022-41328,nvd.nist.gov,,https://nvd.nist.gov/vuln/detail/CVE-2022-41328,OS or Product Mentioned,Present,Present,Present,Present,Present,Absent,Present,Absent,Absent,Present,Absent,Absent,Present,Yes,No,No,No,No,No
414,414,2022-41328,cve.org,,https://www.cve.org/CVERecord?id=CVE-2022-41328,OS or Product Mentioned,Present,Present,Present,Absent,Absent,Absent,Absent,Absent,Absent,Present,Absent,Absent,Present,Yes,No,No,No,No,No
415,415,2022-41328,fortiguard.com,,https://www.fortiguard.com/psirt/FG-IR-22-369,OS or Product Mentioned,Present,Present,Present,Present,Absent,Absent,Absent,Absent,Absent,Present,Absent,Absent,Present,Yes,No,No,No,No,No
416,416,2022-41328,fortinet.com,,https://www.fortinet.com/blog/psirt-blogs/fg-ir-22-369-psirt-analysis,OS or Product Mentioned,Present,Present,Present,Absent,Absent,Absent,Present,Absent,Absent,Present,Absent,Absent,Absent,Yes,No,No,No,No,No
417,417,2022-41328,securityweek.com,,https://www.securityweek.com/exploitation-of-recent-fortinet-zero-day-linked-to-chinese-cyberspies/,OS or Product Mentioned,Present,Present,Present,Absent,Absent,Absent,Present,Present,Absent,Present,Absent,Absent,Absent,Yes,No,No,No,No,No
418,418,2022-41328,reddit.com,,https://www.reddit.com/r/fortinet/comments/11q4gxr/how_critical_is_this_vulnerability_fgir22369_or/,OS or Product Mentioned,Absent,Absent,Present,Present,Absent,Absent,Absent,Absent,Absent,Present,Absent,Present,Absent,No,No,No,Yes,No,No
419,419,2022-41328,mandiant.com,,https://www.mandiant.com/resources/blog/fortinet-malware-ecosystem,OS or Product Mentioned,Present,Present,Present,Absent,Absent,Absent,Present,Absent,Absent,Absent,Absent,Absent,Absent,Yes,No,No,No,No,No
420,420,2022-41328,whistic.com,,https://www.whistic.com/resources/blog/fortios-cve-update,OS or Product Mentioned,Present,Present,Present,Absent,Absent,Absent,Absent,Absent,Present,Present,Absent,Absent,Absent,Yes,No,No,No,No,No
421,421,2022-41328,tenable.com,,https://www.tenable.com/cve/CVE-2022-41328,OS or Product Mentioned,Present,Present,Present,Present,Absent,Absent,Present,Absent,Absent,Absent,Absent,Absent,Present,Yes,No,No,No,No,No
422,422,2022-41328,darkreading.com,,https://www.darkreading.com/vulnerabilities-threats/cyberattackers-continue-assault-against-fortinet-devices,OS or Product Mentioned,Absent,Present,Present,Absent,Absent,Absent,Present,Absent,Absent,Absent,Absent,Absent,Absent,No,No,No,No,No,No
423,423,2022-41328,darkreading.com,,https://www.darkreading.com/cyberattacks-data-breaches/attackers-probing-zero-day-vulns-edge-infrastructure,OS or Product Mentioned,Absent,Present,Present,Absent,Absent,Absent,Present,Absent,Absent,Absent,Absent,Absent,Absent,No,No,No,No,No,No
424,424,2022-41328,darkreading.com,,https://www.darkreading.com/cyberattacks-data-breaches/china-innovated-its-cyberattack-tradecraft-mandia-says,OS or Product Mentioned,Absent,Present,Present,Absent,Absent,Absent,Present,Absent,Absent,Absent,Absent,Absent,Absent,No,No,No,No,No,No
425,425,2022-41328,bleepingcomputer.com,,https://www.bleepingcomputer.com/news/security/fortinet-new-fortios-bug-used-as-zero-day-to-attack-govt-networks/,OS or Product Mentioned,Present,Present,Present,Absent,Absent,Present,Present,Absent,Absent,Present,Absent,Absent,Absent,Yes,No,No,No,No,No
426,426,2022-41328,bleepingcomputer.com,,https://www.bleepingcomputer.com/forums/t/783659/fortinet-fortios-flaw/,OS or Product Mentioned,Absent,Absent,Absent,Present,Absent,Absent,Present,Absent,Absent,Absent,Absent,Absent,Absent,No,No,No,No,No,No
427,427,2022-41328,bleepingcomputer.com,,https://www.bleepingcomputer.com/news/security/chinese-hackers-used-vmware-esxi-zero-day-to-backdoor-vms/,OS or Product Mentioned,Absent,Present,Present,Absent,Absent,Absent,Present,Absent,Absent,Absent,Absent,Absent,Absent,No,No,No,No,No,No
428,428,2022-41328,cisa.gov,,https://www.cisa.gov/news-events/ics-advisories/icsa-24-074-11,OS or Product Mentioned,Present,Present,Present,Present,Present,Absent,Present,Absent,Absent,Present,Absent,Absent,Absent,Yes,No,No,No,No,No
429,429,2022-41328,cisa.gov,,https://www.cisa.gov/news-events/alerts/2023/03/14/cisa-adds-three-known-exploited-vulnerabilities-catalog,OS or Product Mentioned,Absent,Present,Absent,Absent,Absent,Absent,Absent,Absent,Absent,Absent,Present,Present,Absent,No,No,No,Yes,No,No
430,430,2022-41328,thehackernews.com,,https://thehackernews.com/2023/03/fortinet-fortios-flaw-exploited-in.html,OS or Product Mentioned,Present,Present,Present,Absent,Absent,Absent,Present,Absent,Absent,Absent,Absent,Absent,Absent,Yes,No,No,No,No,No
431,431,2022-41328,thehackernews.com,,https://thehackernews.com/2023/03/chinese-hackers-exploit-fortinet-zero.html,OS or Product Mentioned,Absent,Present,Present,Present,Absent,Absent,Present,Absent,Absent,Present,Absent,Absent,Absent,No,No,No,No,No,No
432,432,2022-41328,thehackernews.com,,https://thehackernews.com/2023/03/from-ransomware-to-cyber-espionage-55.html,OS or Product Mentioned,Absent,Present,Present,Absent,Absent,Absent,Present,Absent,Absent,Absent,Absent,Absent,Absent,No,No,No,No,No,No
433,433,2022-41328,infosec.exchange,,https://infosec.exchange/@securityaffairs/110021491418343404,OS or Product Mentioned,Absent,Absent,Absent,Absent,Absent,Absent,Present,Absent,Absent,Absent,Absent,Absent,Absent,No,No,No,No,No,No
434,434,2022-41328,otx.alienvault.com,,https://otx.alienvault.com/pulse/6411dde512714b052488ed89,OS or Product Mentioned,Absent,Present,Present,Absent,Absent,Absent,Present,Absent,Absent,Absent,Absent,Present,Absent,No,No,No,Yes,No,No
435,435,2022-41328,otx.alienvault.com,,https://otx.alienvault.com/pulse/641444649d36ed5efc30876c,OS or Product Mentioned,Absent,Absent,Absent,Absent,Absent,Absent,Present,Absent,Absent,Absent,Absent,Absent,Absent,No,No,No,No,No,No
436,436,2023-21451,nvd.nist.gov,,https://nvd.nist.gov/vuln/detail/CVE-2023-21451,OS or Product Mentioned,Present,Present,Present,Present,Present,Absent,Absent,Absent,Absent,Absent,Absent,Absent,Present,Yes,No,No,No,No,No
437,437,2023-21451,cve.org,,https://www.cve.org/CVERecord?id=CVE-2023-21451,OS or Product Mentioned,Present,Present,Present,Absent,Absent,Absent,Absent,Absent,Absent,Absent,Absent,Absent,Present,Yes,No,No,No,No,No
438,438,2023-21451,security.samsungmobile.com,,https://security.samsungmobile.com/serviceWeb.smsb?year=2022&month=04,OS or Product Mentioned,Present,Present,Present,Absent,Absent,Absent,Absent,Absent,Absent,Present,Absent,Absent,Absent,Yes,No,No,No,No,No
439,439,2023-21451,tenable.com,,https://www.tenable.com/cve/CVE-2023-21451,OS or Product Mentioned,Present,Present,Present,Absent,Absent,Absent,Absent,Absent,Absent,Absent,Absent,Absent,Present,Yes,No,No,No,No,No
440,440,2023-21451,cvedetails.com,,https://www.cvedetails.com/cve/CVE-2023-21451/,OS or Product Mentioned,Present,Present,Present,Present,Present,Absent,Absent,Absent,Absent,Present,Absent,Absent,Present,Yes,No,No,No,No,No
441,441,2023-21451,github.com,,https://github.com/advisories/GHSA-cvcg-8jjr-4f2m,OS or Product Mentioned,Present,Present,Present,Absent,Absent,Absent,Absent,Absent,Absent,Absent,Absent,Absent,Present,Yes,No,No,No,No,No
